artist,lyrics_word_count,lyrics_word_count_excl_sw,food_words_count,food_words_perc_all_lyric_words,food_words_perc_lyric_words_excl_sw,song,release_date,release_year,release_month
abbas savage,195,185,0,0.0,0.0,0.44 dolar,2019-08-11,2019,8
21 savage,567,337,2,0.003527336860670194,0.005934718100890208,100,2016-12-21,2016,12
21 savage,365,231,2,0.005479452054794521,0.008658008658008658,12 am,2015-07-02,2015,7
21 savage,318,183,2,0.006289308176100629,0.01092896174863388,1.5,2018-12-21,2018,12
offset,153,96,0,0.0,0.0,1.5,2018-12-21,2018,12
young dolph,17,17,0,0.0,0.0,150,2016-08-26,2016,8
young dolph,315,160,2,0.006349206349206349,0.0125,150,2016-08-26,2016,8
21 savage,89,57,0,0.0,0.0,150,2016-08-26,2016,8
young dolph,6,5,0,0.0,0.0,16koinz theme song,0,0,0
16koinzbry,91,52,0,0.0,0.0,16koinz theme song,0,0,0
16koinzbry,3,2,0,0.0,0.0,21,0,0,0
big sean,390,254,1,0.002564102564102564,0.003937007874015748,21,0,0,0
skooly,435,278,1,0.0022988505747126436,0.0035971223021582736,21 guns,2016-10-07,2016,10
21 savage,130,69,3,0.023076923076923078,0.043478260869565216,21 guns,2016-10-07,2016,10
skooly,91,71,0,0.0,0.0,21 savage cleanup page,0,0,0
skooly,128,89,0,0.0,0.0,21 savage intro,2016-06-15,2016,6
21 savage,393,235,4,0.010178117048346057,0.01702127659574468,21 savage & metro boomin - x (osno1 21 pound timbs flip),2017-12-04,2017,12
future,152,86,2,0.013157894736842105,0.023255813953488372,21 savage & metro boomin - x (osno1 21 pound timbs flip),2017-12-04,2017,12
21 savage,325,192,0,0.0,0.0,21 way (freestyle),2016-05-12,2016,5
quavo,411,240,4,0.009732360097323601,0.016666666666666666,2 seater,2018-08-03,2018,8
dj holiday,42,26,0,0.0,0.0,2 seater,2018-08-03,2018,8
21 savage,152,104,0,0.0,0.0,2 seater,2018-08-03,2018,8
21 savage,312,156,0,0.0,0.0,30 clip,0,0,0
kafani,70,49,2,0.02857142857142857,0.04081632653061224,30 clip,0,0,0
keak da sneak,117,66,2,0.017094017094017096,0.030303030303030304,30 clip,0,0,0
project pat,118,77,0,0.0,0.0,30 clip,0,0,0
metro boomin,6,1,0,0.0,0.0,10 freaky girls,2018-11-02,2018,11
21 savage,581,346,7,0.012048192771084338,0.02023121387283237,10 freaky girls,2018-11-02,2018,11
childish gambino,626,352,8,0.012779552715654952,0.022727272727272728,12.38,2020-03-15,2020,3
kadhja bonet,30,16,0,0.0,0.0,12.38,2020-03-15,2020,3
21 savage,188,113,5,0.026595744680851064,0.04424778761061947,12.38,2020-03-15,2020,3
ink,112,58,0,0.0,0.0,12.38,2020-03-15,2020,3
partynextdoor,404,251,2,0.0049504950495049506,0.00796812749003984,1night,2018-04-25,2018,4
21 savage,260,166,0,0.0,0.0,1night,2018-04-25,2018,4
don ace,317,198,0,0.0,0.0,4 5 (remix),2018-04-06,2018,4
21 savage,160,104,1,0.00625,0.009615384615384616,4 5 (remix),2018-04-06,2018,4
don ace,73,44,7,0.0958904109589041,0.1590909090909091,4hunna mixtape,2000-04-12,2000,4
key!,282,146,0,0.0,0.0,50 round drum,2015-08-09,2015,8
21 savage,80,51,0,0.0,0.0,50 round drum,2015-08-09,2015,8
21 savage,625,375,0,0.0,0.0,against me,0,0,0
young nudy,344,212,0,0.0,0.0,against me,0,0,0
21 savage,431,189,0,0.0,0.0,air it out,2015-10-15,2015,10
young nudy,146,79,0,0.0,0.0,air it out,2015-10-15,2015,10
21 savage,3,2,0,0.0,0.0,another body*,0,0,0
21 savage,23,14,0,0.0,0.0,another body*,0,0,0
no plug,89,54,0,0.0,0.0,a savage,2017-03-07,2017,3
no plug] 2x,123,78,0,0.0,0.0,a savage,2017-03-07,2017,3
no plug,43,25,0,0.0,0.0,a savage,2017-03-07,2017,3
21 savage,107,62,0,0.0,0.0,a savage,2017-03-07,2017,3
21 savage,459,284,3,0.006535947712418301,0.01056338028169014,ass thang,0,0,0
21 savage,3,3,0,0.0,0.0,​a&t,2018-12-21,2018,12
yung miami,349,181,3,0.008595988538681949,0.016574585635359115,​a&t,2018-12-21,2018,12
21 savage,327,190,2,0.0061162079510703364,0.010526315789473684,​a&t,2018-12-21,2018,12
21 savage,430,283,3,0.0069767441860465115,0.01060070671378092,baby choppa,0,0,0
21 savage,119,75,1,0.008403361344537815,0.013333333333333334,backpack*,0,0,0
21 savage,685,408,2,0.00291970802919708,0.004901960784313725,4l,2018-12-21,2018,12
young nudy,239,137,0,0.0,0.0,4l,2018-12-21,2018,12
21 savage,1012,669,10,0.009881422924901186,0.014947683109118086,7 min freestyle,2017-07-07,2017,7
21 savage,314,218,2,0.006369426751592357,0.009174311926605505,act a fool,0,0,0
21 savage,499,342,4,0.008016032064128256,0.011695906432748537,all the smoke,2017-06-01,2017,6
21 savage,646,375,4,0.006191950464396285,0.010666666666666666,​asmr,2018-12-21,2018,12
21 savage,509,344,11,0.021611001964636542,0.03197674418604651,baby girl,2017-07-07,2017,7
21 savage,361,216,1,0.002770083102493075,0.004629629629629629,back started,2016-10-04,2016,10
21 savage,471,331,1,0.0021231422505307855,0.0030211480362537764,bad business,2017-07-07,2017,7
21 savage & metro boomin,475,322,1,0.002105263157894737,0.003105590062111801,bad guy,2016-07-15,2016,7
notoriou5 bino,327,170,0,0.0,0.0,bad guy,2016-10-04,2016,10
21 savage,189,117,1,0.005291005291005291,0.008547008547008548,bad guy,2016-10-04,2016,10
notoriou5 bino,134,67,1,0.007462686567164179,0.014925373134328358,bad guy,2016-10-04,2016,10
notoriou5 bino,30,20,0,0.0,0.0,bad guy,2018-02-22,2018,2
24 flakko,675,394,1,0.0014814814814814814,0.0025380710659898475,bad guy,2018-02-22,2018,2
21 savage,30,20,0,0.0,0.0,bad guy,2018-02-22,2018,2
notoriou5 bino,134,67,1,0.007462686567164179,0.014925373134328358,bad guy,2018-02-22,2018,2
21 savage,620,391,1,0.0016129032258064516,0.0025575447570332483,bad guy,2020-06-15,2020,6
xbf,2,2,0,0.0,0.0,bad guy,2020-06-15,2020,6
notoriou5 bino,132,69,0,0.0,0.0,bad guy,2020-06-15,2020,6
lil keed,611,375,12,0.019639934533551555,0.032,balenciaga,2018-11-11,2018,11
21 savage,258,165,3,0.011627906976744186,0.01818181818181818,balenciaga,2018-11-11,2018,11
21 savage,550,291,1,0.0018181818181818182,0.003436426116838488,​ball w/o you,2018-12-21,2018,12
kiubbah malon,410,336,1,0.0024390243902439024,0.002976190476190476,bank account,2018-01-28,2018,1
king los,491,278,6,0.012219959266802444,0.02158273381294964,bank account (remix),2017-12-16,2017,12
breydawg,351,195,1,0.002849002849002849,0.005128205128205128,bank account (remix),2017-12-03,2017,12
tyus,296,114,0,0.0,0.0,between us (remix),2017-06-22,2017,6
21 savage,262,156,1,0.003816793893129771,0.00641025641025641,between us (remix),2017-06-22,2017,6
21 savage,506,340,0,0.0,0.0,bitch nigga please,2015-12-01,2015,12
21 savage,86,60,0,0.0,0.0,black kkk,2016-10-28,2016,10
big flock,80,67,0,0.0,0.0,black kkk,2016-10-28,2016,10
big flock,145,85,4,0.027586206896551724,0.047058823529411764,black kkk,2016-10-28,2016,10
21 savage,735,437,2,0.0027210884353741495,0.004576659038901602,bank account,2017-07-07,2017,7
21 savage,233,153,4,0.017167381974248927,0.026143790849673203,big facts,0,0,0
,4,3,0,0.0,0.0,blessings,2019-11-17,2019,11
arin ray,76,45,0,0.0,0.0,blessings,2019-11-17,2019,11
arin ray,96,59,0,0.0,0.0,blessings,2019-11-17,2019,11
21 savage,95,61,2,0.021052631578947368,0.03278688524590164,blessings,2019-11-17,2019,11
21 savage,465,319,1,0.002150537634408602,0.003134796238244514,boomin',2017-06-06,2017,6
future,10,8,0,0.0,0.0,both sides,2017-07-21,2017,7
21 savage,326,198,5,0.015337423312883436,0.025252525252525252,both sides,2017-07-21,2017,7
nav,138,85,1,0.007246376811594203,0.011764705882352941,both sides,2017-07-21,2017,7
21 savage,593,338,6,0.01011804384485666,0.01775147928994083,brains,0,0,0
21 savage,711,418,5,0.007032348804500703,0.011961722488038277,​break da law,2018-12-21,2018,12
21 savage,288,153,0,0.0,0.0,brick & a benz,2019-01-31,2019,1
mojo sys,263,163,5,0.019011406844106463,0.03067484662576687,brick & a benz,2019-01-31,2019,1
21 savage,44,32,1,0.022727272727272728,0.03125,broke bitch,0,0,0
yamine,213,126,3,0.014084507042253521,0.023809523809523808,broke bitch,0,0,0
yamine,18,10,0,0.0,0.0,built like this,0,0,0
dae dae,184,96,0,0.0,0.0,bullshit,2016-11-02,2016,11
21 savage,188,119,0,0.0,0.0,bullshit,2016-11-02,2016,11
dae dae,22,12,0,0.0,0.0,bullshit,2016-11-02,2016,11
g herbo,526,294,5,0.009505703422053232,0.017006802721088437,by any means,2020-02-28,2020,2
21 savage,278,159,1,0.0035971223021582736,0.006289308176100629,by any means,2020-02-28,2020,2
21 savage,3,2,0,0.0,0.0,camouflage*,0,0,0
21 savage,31,19,0,0.0,0.0,camouflage*,0,0,0
21 savage,352,255,11,0.03125,0.043137254901960784,chill pill,2017-12-11,2017,12
a1 billionaire,226,159,3,0.01327433628318584,0.018867924528301886,chill pill,2017-12-11,2017,12
ty dolla $ign,8,5,0,0.0,0.0,clout,2018-05-09,2018,5
ty dolla $ign,325,194,4,0.012307692307692308,0.020618556701030927,clout,2018-05-09,2018,5
21 savage,78,46,0,0.0,0.0,clout,2018-05-09,2018,5
gucci mane,382,239,0,0.0,0.0,cocky,2018-02-16,2018,2
21 savage,194,114,0,0.0,0.0,cocky,2018-02-16,2018,2
a$ap rocky,392,224,4,0.01020408163265306,0.017857142857142856,cocky,2018-02-16,2018,2
skooly,89,66,0,0.0,0.0,cocky,2018-02-16,2018,2
,74,55,0,0.0,0.0,cocky,2018-02-16,2018,2
21 savage,749,448,3,0.004005340453938585,0.006696428571428571,come and get your bitch,0,0,0
21 savage,21,16,0,0.0,0.0,concrete jungle,0,0,0
21 savage,354,214,4,0.011299435028248588,0.018691588785046728,coocoo*,0,0,0
gunna,242,128,0,0.0,0.0,​can't leave without it,2018-12-21,2018,12
21 savage,280,160,0,0.0,0.0,​can't leave without it,2018-12-21,2018,12
lil baby,259,152,4,0.015444015444015444,0.02631578947368421,​can't leave without it,2018-12-21,2018,12
21 savage,83,56,0,0.0,0.0,close my eyes,2017-07-07,2017,7
future,83,56,0,0.0,0.0,close my eyes,2017-07-07,2017,7
21 savage,743,482,2,0.0026917900403768506,0.004149377593360996,close my eyes,2017-07-07,2017,7
rich brian,421,251,0,0.0,0.0,crisis,2017-11-09,2017,11
21 savage,181,117,1,0.0055248618784530384,0.008547008547008548,crisis,2017-11-09,2017,11
"21 savage, offset & metro boomin",10,6,0,0.0,0.0,darth vader,2017-10-31,2017,10
offset,529,304,6,0.011342155009451797,0.019736842105263157,darth vader,2017-10-31,2017,10
21 savage,165,96,0,0.0,0.0,darth vader,2017-10-31,2017,10
21 savage,120,73,1,0.008333333333333333,0.0136986301369863,deal,2018-02-27,2018,2
casino,315,186,0,0.0,0.0,deal,2018-02-27,2018,2
21 savage,604,310,1,0.0016556291390728477,0.0032258064516129032,deserve,2015-12-01,2015,12
21 savage,28,28,0,0.0,0.0,designer,0,0,0
raskegutterofficial,406,388,1,0.0024630541871921183,0.002577319587628866,designer,0,0,0
omarghini,27,26,0,0.0,0.0,designer,0,0,0
ra$ke gutter,335,324,1,0.0029850746268656717,0.0030864197530864196,designer på min fot,0,0,0
l-cash,99,91,0,0.0,0.0,designer på min fot,0,0,0
mobsquad nard,16,6,0,0.0,0.0,did dat,2016-02-05,2016,2
1200 yak,263,154,0,0.0,0.0,did dat,2016-02-05,2016,2
mobsquad nard,409,250,0,0.0,0.0,did dat,2016-02-05,2016,2
lil durk,8,3,0,0.0,0.0,die slow,2019-08-02,2019,8
lil durk,501,272,4,0.007984031936127744,0.014705882352941176,die slow,2019-08-02,2019,8
21 savage,415,231,2,0.004819277108433735,0.008658008658008658,die slow,2019-08-02,2019,8
21 savage,444,285,7,0.015765765765765764,0.02456140350877193,dip dip,2015-12-01,2015,12
21 savage,551,338,8,0.014519056261343012,0.023668639053254437,dirty*,2020-05-09,2020,5
21 savage,357,222,0,0.0,0.0,dirty k,2015-12-01,2015,12
lotto savage,126,61,0,0.0,0.0,dirty k,2015-12-01,2015,12
offset,561,356,10,0.017825311942959002,0.028089887640449437,disrespectful,2017-10-31,2017,10
21 savage,350,229,7,0.02,0.03056768558951965,disrespectful,2017-10-31,2017,10
21 savage,385,282,0,0.0,0.0,don't play,2017-08-18,2017,8
no plug,112,68,2,0.017857142857142856,0.029411764705882353,don't play,2017-08-18,2017,8
21 savage,265,165,0,0.0,0.0,doo doo,0,0,0
offset,131,81,1,0.007633587786259542,0.012345679012345678,doo doo,0,0,0
quavo,167,86,0,0.0,0.0,dope on my shoe,0,0,0
21 savage,156,100,1,0.00641025641025641,0.01,dope on my shoe,0,0,0
gucci mane,22,12,0,0.0,0.0,down,2015-12-26,2015,12
21 savage,111,67,1,0.009009009009009009,0.014925373134328358,down,2015-12-26,2015,12
gucci mane,406,203,0,0.0,0.0,down,2015-12-26,2015,12
tone tone,124,77,0,0.0,0.0,down,2015-12-26,2015,12
21 savage,588,323,5,0.008503401360544218,0.015479876160990712,drinkin and driving,2015-05-25,2015,5
21 savage,307,181,5,0.016286644951140065,0.027624309392265192,dead people,2017-07-07,2017,7
21 savage,405,266,2,0.0049382716049382715,0.007518796992481203,don't come out the house,2018-11-02,2018,11
lil juice,16,10,0,0.0,0.0,don't come out the house,2018-11-02,2018,11
future,16,10,0,0.0,0.0,don't come out the house,2018-11-02,2018,11
21 savage,416,314,11,0.026442307692307692,0.03503184713375796,drip,2015-05-25,2015,5
lil yachty,170,150,2,0.011764705882352941,0.013333333333333334,drippin,2016-05-25,2016,5
21 savage,67,40,0,0.0,0.0,drippin,2016-05-25,2016,5
sauce walka,97,64,6,0.061855670103092786,0.09375,drippin,2016-05-25,2016,5
young nudy,553,343,0,0.0,0.0,ea,2017-02-21,2017,2
21 savage,160,104,0,0.0,0.0,ea,2017-02-21,2017,2
gucci mane,407,268,1,0.002457002457002457,0.0037313432835820895,east atlanta day,2017-04-21,2017,4
21 savage,135,87,0,0.0,0.0,east atlanta day,2017-04-21,2017,4
21 savage,418,256,4,0.009569377990430622,0.015625,embarrass ya,0,0,0
sheck wes,267,152,0,0.0,0.0,enzo (malaa remix),2019-06-28,2019,6
offset,243,152,0,0.0,0.0,enzo (malaa remix),2019-06-28,2019,6
21 savage,369,243,0,0.0,0.0,extendo,2015-09-14,2015,9
21 savage,80,54,2,0.025,0.037037037037037035,extendo,2015-09-14,2015,9
loso loaded,357,242,1,0.0028011204481792717,0.004132231404958678,extortion,2016-08-27,2016,8
21 savage,99,64,3,0.030303030303030304,0.046875,extortion,2016-08-27,2016,8
yg,5,3,1,0.2,0.3333333333333333,facetime,2017-07-07,2017,7
21 savage,523,309,0,0.0,0.0,facetime,2017-07-07,2017,7
$hang,317,180,0,0.0,0.0,faded,2016-10-18,2016,10
21 savage,172,95,0,0.0,0.0,faded,2016-10-18,2016,10
$hang,3,2,0,0.0,0.0,family*,0,0,0
21 savage,33,24,2,0.06060606060606061,0.08333333333333333,family*,0,0,0
21 savage,557,337,0,0.0,0.0,famous,2017-07-07,2017,7
alley boy,395,251,6,0.015189873417721518,0.02390438247011952,fish fry,2019-01-10,2019,1
21 savage,173,98,0,0.0,0.0,fish fry,2019-01-10,2019,1
reese,240,144,0,0.0,0.0,f it up,2016-07-08,2016,7
bricc baby,112,56,1,0.008928571428571428,0.017857142857142856,f it up,2016-07-08,2016,7
21 savage,133,78,1,0.007518796992481203,0.01282051282051282,f it up,2016-07-08,2016,7
reese,320,192,0,0.0,0.0,f it up (remix),2017-02-28,2017,2
kid ink,114,57,0,0.0,0.0,f it up (remix),2017-02-28,2017,2
21 savage,134,79,1,0.007462686567164179,0.012658227848101266,f it up (remix),2017-02-28,2017,2
bricc baby,112,56,1,0.008928571428571428,0.017857142857142856,f it up (remix),2017-02-28,2017,2
21 savage,278,170,3,0.01079136690647482,0.01764705882352941,flexin',0,0,0
21 savage,277,170,3,0.010830324909747292,0.01764705882352941,flexin',0,0,0
rich the kid,167,96,0,0.0,0.0,flexin',0,0,0
21 savage,226,155,1,0.004424778761061947,0.0064516129032258064,flexing on purpose,2016-08-02,2016,8
young thug,172,106,6,0.03488372093023256,0.05660377358490566,flexing on purpose,2016-08-02,2016,8
lil uzi vert,547,340,0,0.0,0.0,flexing on purpose,2016-08-02,2016,8
ralo,242,138,0,0.0,0.0,flexing on purpose,2016-08-02,2016,8
sheck wes,362,199,0,0.0,0.0,enzo,2019-04-24,2019,4
offset,259,170,0,0.0,0.0,enzo,2019-04-24,2019,4
21 savage,283,171,1,0.0035335689045936395,0.005847953216374269,enzo,2019-04-24,2019,4
gucci mane,246,162,3,0.012195121951219513,0.018518518518518517,enzo,2019-04-24,2019,4
21 savage & metro boomin,528,238,0,0.0,0.0,feel it,2016-07-15,2016,7
bazzi,278,140,0,0.0,0.0,focus,2019-06-13,2019,6
21 savage,174,84,0,0.0,0.0,focus,2019-06-13,2019,6
21 savage,297,203,1,0.003367003367003367,0.0049261083743842365,free gucci,2015-06-02,2015,6
21 savage,458,274,1,0.002183406113537118,0.0036496350364963502,front door,2015-12-01,2015,12
21 savage,439,285,2,0.004555808656036446,0.007017543859649123,fuckin niggaz bitches,2015-05-15,2015,5
21 savage,18,10,0,0.0,0.0,fuck my teacher,0,0,0
21 savage,40,30,2,0.05,0.06666666666666667,fuck you mean*,0,0,0
21 savage,266,148,0,0.0,0.0,fuck your rollie,2016-09-01,2016,9
21 savage,532,300,2,0.0037593984962406013,0.006666666666666667,gang,2015-05-25,2015,5
21 savage,52,31,0,0.0,0.0,girls,2015-10-03,2015,10
lil e (gbe),441,288,2,0.0045351473922902496,0.006944444444444444,girls,2015-10-03,2015,10
young thug,585,425,0,0.0,0.0,goin overseas,0,0,0
young thug,32,23,0,0.0,0.0,goin overseas,0,0,0
21 savage,108,69,8,0.07407407407407407,0.11594202898550725,goin overseas,0,0,0
yung d.i.,302,168,0,0.0,0.0,go to war,2016-12-03,2016,12
yung d.i.,73,37,1,0.0136986301369863,0.02702702702702703,go to war,2016-12-03,2016,12
21 savage,75,51,0,0.0,0.0,go to war,2016-12-03,2016,12
krissio and ins3rt,2,2,0,0.0,0.0,gray gray,2019-03-08,2019,3
ins3rt and tj savage,180,120,0,0.0,0.0,gray gray,2019-03-08,2019,3
tj savage,77,45,0,0.0,0.0,gray gray,2019-03-08,2019,3
tj savage,90,47,0,0.0,0.0,gray gray,2019-03-08,2019,3
lil yachty,174,90,1,0.005747126436781609,0.011111111111111112,guap,2016-08-27,2016,8
21 savage,195,104,1,0.005128205128205128,0.009615384615384616,guap,2016-08-27,2016,8
21 savage,222,148,0,0.0,0.0,gucci gang (english remix),2018-03-20,2018,3
*gucci mane*,73,56,0,0.0,0.0,gucci gang (english remix),2018-03-20,2018,3
lil pump,484,395,0,0.0,0.0,gucci gang (english remix),2018-03-20,2018,3
french montana,239,176,1,0.0041841004184100415,0.005681818181818182,gucci gang (english remix),2018-03-20,2018,3
gucci mane,196,117,0,0.0,0.0,gucci gang (english remix),2018-03-20,2018,3
gucci mane,271,176,0,0.0,0.0,gucci gang (mega remix),2018-03-17,2018,3
21 savage,223,150,0,0.0,0.0,gucci gang (mega remix),2018-03-17,2018,3
lil pump,554,454,0,0.0,0.0,gucci gang (mega remix),2018-03-17,2018,3
french montana,309,235,1,0.003236245954692557,0.00425531914893617,gucci gang (mega remix),2018-03-17,2018,3
bad bunny,190,171,4,0.021052631578947368,0.023391812865497075,gucci gang (mega remix),2018-03-17,2018,3
j balvin,157,141,5,0.03184713375796178,0.03546099290780142,gucci gang (mega remix),2018-03-17,2018,3
ozuna,236,222,1,0.00423728813559322,0.0045045045045045045,gucci gang (mega remix),2018-03-17,2018,3
remy ma,238,177,1,0.004201680672268907,0.005649717514124294,gucci gang (mega remix),2018-03-17,2018,3
21 savage,184,118,0,0.0,0.0,gucci gang remix,2018-03-17,2018,3
lil pump,308,251,0,0.0,0.0,gucci gang remix,2018-03-17,2018,3
bad bunny,190,171,4,0.021052631578947368,0.023391812865497075,gucci gang remix,2018-03-17,2018,3
lord infamous,52,34,0,0.0,0.0,​good day,2018-12-21,2018,12
21 savage,272,173,0,0.0,0.0,​good day,2018-12-21,2018,12
schoolboy q,212,132,2,0.009433962264150943,0.015151515151515152,​good day,2018-12-21,2018,12
project pat,122,79,1,0.00819672131147541,0.012658227848101266,​good day,2018-12-21,2018,12
lil pump,690,546,0,0.0,0.0,gucci gang (spanish remix),2018-03-20,2018,3
bad bunny,190,171,4,0.021052631578947368,0.023391812865497075,gucci gang (spanish remix),2018-03-20,2018,3
j balvin,156,140,4,0.02564102564102564,0.02857142857142857,gucci gang (spanish remix),2018-03-20,2018,3
ozuna,236,222,1,0.00423728813559322,0.0045045045045045045,gucci gang (spanish remix),2018-03-20,2018,3
21 savage,483,298,0,0.0,0.0,gucci on my,2017-03-02,2017,3
yg,248,160,0,0.0,0.0,gucci on my,2017-03-02,2017,3
reese laflare,80,46,0,0.0,0.0,gucci on my,2017-03-02,2017,3
kamaiyah,109,69,0,0.0,0.0,gucci on my,2017-03-02,2017,3
quavo,138,97,1,0.007246376811594203,0.010309278350515464,gucci on my,2017-03-02,2017,3
takeoff,114,72,5,0.043859649122807015,0.06944444444444445,gucci on my,2017-03-02,2017,3
offset,131,82,0,0.0,0.0,gucci on my,2017-03-02,2017,3
mike will made-it,14,8,0,0.0,0.0,gucci on my,2017-03-02,2017,3
21 savage,427,261,29,0.06791569086651054,0.1111111111111111,h2o,2015-07-02,2015,7
21 savage,566,341,4,0.007067137809187279,0.011730205278592375,havoc,2016-02-21,2016,2
nick hook,1,1,0,0.0,0.0,head,2016-05-10,2016,5
bulletproof dolphin,229,149,3,0.013100436681222707,0.020134228187919462,head,2016-05-10,2016,5
21 savage,97,60,0,0.0,0.0,head,2016-05-10,2016,5
21 savage,343,226,0,0.0,0.0,heart so cold,2015-05-25,2015,5
freaky,179,90,0,0.0,0.0,heart so cold,2015-05-25,2015,5
21 savage,217,135,1,0.004608294930875576,0.007407407407407408,heathens,2020-02-05,2020,2
offset,829,519,10,0.012062726176115802,0.019267822736030827,heathens,2020-02-05,2020,2
21 savage,470,256,2,0.00425531914893617,0.0078125,help me,2015-12-01,2015,12
eduxr,393,214,0,0.0,0.0,hoe,2017-07-30,2017,7
21 savage,335,196,3,0.008955223880597015,0.015306122448979591,hold up,2018-04-20,2018,4
21 savage,272,179,0,0.0,0.0,hollow tips (freestyle),2016-09-17,2016,9
the stunna,487,270,0,0.0,0.0,homicide/immortal (feat. babyg) [cover remix],2019-05-24,2019,5
trey,487,270,0,0.0,0.0,homicide/immortal (feat. babyg) [cover remix],2019-05-24,2019,5
"trey, the stunna",33,22,0,0.0,0.0,homicide/immortal (feat. babyg) [cover remix],2019-05-24,2019,5
offset,485,342,0,0.0,0.0,hot spot,0,0,0
21 savage,270,175,1,0.003703703703703704,0.005714285714285714,hot spot,0,0,0
21 savage,551,301,0,0.0,0.0,how i grew up,2018-06-14,2018,6
g herbo,465,253,0,0.0,0.0,how i grew up,2018-06-14,2018,6
21 savage,441,282,1,0.0022675736961451248,0.0035460992907801418,how to ball,2016-10-01,2016,10
21 savage & montell2099,587,393,5,0.008517887563884156,0.01272264631043257,hunnid on the drop,2017-06-30,2017,6
yg,518,239,2,0.003861003861003861,0.008368200836820083,i be on,2016-11-25,2016,11
21 savage,146,91,0,0.0,0.0,i be on,2016-11-25,2016,11
21 savage,440,301,4,0.00909090909090909,0.013289036544850499,i can't get enough,0,0,0
21 savage,518,357,0,0.0,0.0,​gun smoke,2018-12-21,2018,12
21 savage,217,135,1,0.004608294930875576,0.007407407407407408,hethen,2020-02-05,2020,2
offset,829,519,10,0.012062726176115802,0.019267822736030827,hethen,2020-02-05,2020,2
dj khaled,66,26,0,0.0,0.0,iced out my arms,2017-06-23,2017,6
future,481,233,40,0.08316008316008316,0.17167381974248927,iced out my arms,2017-06-23,2017,6
offset,583,305,40,0.0686106346483705,0.13114754098360656,iced out my arms,2017-06-23,2017,6
quavo,193,109,2,0.010362694300518135,0.01834862385321101,iced out my arms,2017-06-23,2017,6
takeoff,193,109,2,0.010362694300518135,0.01834862385321101,iced out my arms,2017-06-23,2017,6
21 savage,143,95,3,0.02097902097902098,0.031578947368421054,iced out my arms,2017-06-23,2017,6
t.i.,156,97,2,0.01282051282051282,0.020618556701030927,iced out my arms,2017-06-23,2017,6
21 savage,420,274,20,0.047619047619047616,0.072992700729927,ice on,0,0,0
yin yang,527,266,4,0.007590132827324478,0.015037593984962405,if i wanted too,2016-08-06,2016,8
21 savage,194,104,1,0.005154639175257732,0.009615384615384616,if i wanted too,2016-08-06,2016,8
ralo,173,100,0,0.0,0.0,i hope it don't jam,2017-02-12,2017,2
21 savage,382,208,0,0.0,0.0,i hope it don't jam,2017-02-12,2017,2
jefe,173,87,0,0.0,0.0,i hope it don't jam,2017-02-12,2017,2
young nudy,374,211,6,0.016042780748663103,0.02843601895734597,i’m a savage,2016-08-23,2016,8
21 savage,132,71,2,0.015151515151515152,0.028169014084507043,i’m a savage,2016-08-23,2016,8
21 savage,904,505,4,0.004424778761061947,0.007920792079207921,immortal,2019-10-31,2019,10
young thug,308,176,0,0.0,0.0,i’m scared,2019-08-16,2019,8
21 savage,166,93,1,0.006024096385542169,0.010752688172043012,i’m scared,2019-08-16,2019,8
doe boy,210,129,1,0.004761904761904762,0.007751937984496124,i’m scared,2019-08-16,2019,8
21 savage,198,120,2,0.010101010101010102,0.016666666666666666,iñaki,2017-06-30,2017,6
21 savage,114,71,1,0.008771929824561403,0.014084507042253521,ion like,2015-10-01,2015,10
trouble,404,241,6,0.01485148514851485,0.024896265560165973,ion like,2015-10-01,2015,10
young thug,358,216,4,0.0111731843575419,0.018518518518518517,i want her,2016-04-22,2016,4
21 savage,167,116,3,0.017964071856287425,0.02586206896551724,i want her,2016-04-22,2016,4
shad da god,213,123,4,0.018779342723004695,0.032520325203252036,i want her,2016-04-22,2016,4
lil duke,119,64,1,0.008403361344537815,0.015625,i want her,2016-04-22,2016,4
t.i.,119,64,1,0.008403361344537815,0.015625,i want her,2016-04-22,2016,4
young thug,20,12,0,0.0,0.0,jump right*,2018-12-07,2018,12
21 savage,17,10,0,0.0,0.0,jump right*,2018-12-07,2018,12
21 savage,62,37,2,0.03225806451612903,0.05405405405405406,jump right*,2018-12-07,2018,12
gucci mane,359,204,0,0.0,0.0,just like it,2018-12-07,2018,12
21 savage,190,131,1,0.005263157894736842,0.007633587786259542,just like it,2018-12-07,2018,12
fetty wap,6,6,0,0.0,0.0,king zoo,2016-11-21,2016,11
fetty wap,324,195,0,0.0,0.0,king zoo,2016-11-21,2016,11
21 savage,186,125,2,0.010752688172043012,0.016,king zoo,2016-11-21,2016,11
fetty wap,3,2,0,0.0,0.0,kkk*,0,0,0
21 savage,31,22,1,0.03225806451612903,0.045454545454545456,kkk*,0,0,0
manman savage,212,112,2,0.009433962264150943,0.017857142857142856,know it,2015-11-26,2015,11
21 savage,81,50,0,0.0,0.0,know it,2015-11-26,2015,11
21 savage,133,94,3,0.022556390977443608,0.031914893617021274,lettuce,0,0,0
21 savage,134,93,1,0.007462686567164179,0.010752688172043012,lettuce,0,0,0
no plug,408,230,1,0.0024509803921568627,0.004347826086956522,lil ni$$a,2016-08-20,2016,8
21 savage,165,97,0,0.0,0.0,lil ni$$a,2016-08-20,2016,8
dj scream,214,158,1,0.004672897196261682,0.006329113924050633,lit,2016-05-25,2016,5
21 savage,53,41,1,0.018867924528301886,0.024390243902439025,lit,2016-05-25,2016,5
juicy j,167,84,2,0.011976047904191617,0.023809523809523808,lit,2016-05-25,2016,5
young dolph,94,53,0,0.0,0.0,lit,2016-05-25,2016,5
johnny cinco,237,122,0,0.0,0.0,literally,0,0,0
21 savage,51,31,0,0.0,0.0,literally,0,0,0
stomp his ass out,87,48,0,0.0,0.0,literally,0,0,0
] stomp his ass out,87,48,0,0.0,0.0,literally,0,0,0
johnny cinco,7,4,0,0.0,0.0,literally,0,0,0
,32,17,0,0.0,0.0,literally,0,0,0
21 savage,548,326,1,0.0018248175182481751,0.003067484662576687,lord forgive me,2015-12-01,2015,12
21 savage,408,285,0,0.0,0.0,mad stalkers,2017-10-31,2017,10
offset,320,223,9,0.028125,0.04035874439461883,mad stalkers,2017-10-31,2017,10
"21 savage, offset & metro boomin",10,6,0,0.0,0.0,mad stalkers,2017-10-31,2017,10
quavo,230,140,2,0.008695652173913044,0.014285714285714285,migo gang x slaughter gang music,2015-12-24,2015,12
21 savage,170,100,2,0.011764705882352941,0.02,migo gang x slaughter gang music,2015-12-24,2015,12
offset,211,116,3,0.014218009478672985,0.02586206896551724,migo gang x slaughter gang music,2015-12-24,2015,12
manman savage,187,97,1,0.0053475935828877,0.010309278350515464,migo gang x slaughter gang music,2015-12-24,2015,12
rich the kid,160,93,2,0.0125,0.021505376344086023,migo gang x slaughter gang music,2015-12-24,2015,12
21 savage,355,208,2,0.005633802816901409,0.009615384615384616,million dollar liq,2015-05-25,2015,5
manman savage,22,13,0,0.0,0.0,million dollar liq,2015-05-25,2015,5
21 savage,263,164,0,0.0,0.0,millions,2016-11-09,2016,11
21 savage,305,187,1,0.003278688524590164,0.0053475935828877,mind yo business,2015-12-01,2015,12
young nudy,453,324,0,0.0,0.0,mister,2019-04-24,2019,4
21 savage,149,101,0,0.0,0.0,mister,2019-04-24,2019,4
young nudy,8,6,0,0.0,0.0,moncler,2017-01-01,2017,1
21 savage,519,351,5,0.009633911368015413,0.014245014245014245,money convo,2017-07-07,2017,7
young thug,6,4,0,0.0,0.0,money convo,2017-07-07,2017,7
young thug,59,46,3,0.05084745762711865,0.06521739130434782,money hit (remix),0,0,0
young thug,275,187,1,0.0036363636363636364,0.0053475935828877,money hit (remix),0,0,0
21 savage,245,153,3,0.012244897959183673,0.0196078431372549,money hit (remix),0,0,0
21 savage,560,297,1,0.0017857142857142857,0.003367003367003367,​letter 2 my momma,2018-12-21,2018,12
21 savage,441,278,1,0.0022675736961451248,0.0035971223021582736,lil bitch,0,0,0
21 savage & metro boomin,490,315,5,0.01020408163265306,0.015873015873015872,mad high,2016-07-15,2016,7
21 savage,334,197,2,0.005988023952095809,0.01015228426395939,​monster,2018-12-21,2018,12
childish gambino,245,145,0,0.0,0.0,​monster,2018-12-21,2018,12
21 savage,321,191,0,0.0,0.0,moonrock,0,0,0
21 savage,164,90,0,0.0,0.0,motivation (savage remix),2019-10-28,2019,10
normani,290,155,0,0.0,0.0,motivation (savage remix),2019-10-28,2019,10
normani & 21 savage,45,21,0,0.0,0.0,motivation (savage remix),2019-10-28,2019,10
21 savage,451,270,2,0.004434589800443459,0.007407407407407408,motorcycle,2015-12-01,2015,12
dreezy,226,120,2,0.008849557522123894,0.016666666666666666,motorcycle,2015-12-01,2015,12
21 savage,422,247,1,0.002369668246445498,0.004048582995951417,my choppa hate niggas,2017-10-31,2017,10
offset,548,418,7,0.012773722627737226,0.01674641148325359,narcos,2018-01-26,2018,1
quavo,435,348,4,0.009195402298850575,0.011494252873563218,narcos,2018-01-26,2018,1
takeoff,166,98,2,0.012048192771084338,0.02040816326530612,narcos,2018-01-26,2018,1
lil yachty,510,348,3,0.0058823529411764705,0.008620689655172414,neck shine,2016-06-09,2016,6
21 savage,104,68,3,0.028846153846153848,0.04411764705882353,neck shine,2016-06-09,2016,6
lightshow,582,325,5,0.00859106529209622,0.015384615384615385,need a lighter,2016-08-19,2016,8
21 savage,137,79,2,0.014598540145985401,0.02531645569620253,need a lighter,2016-08-19,2016,8
21 savage,379,228,1,0.002638522427440633,0.0043859649122807015,never had shit,2016-05-01,2016,5
lil duke,355,203,0,0.0,0.0,never had shit,2016-05-01,2016,5
loso loaded,862,557,2,0.002320185614849188,0.003590664272890485,never seen,2017-11-10,2017,11
21 savage,119,80,2,0.01680672268907563,0.025,never seen,2017-11-10,2017,11
offset,424,258,0,0.0,0.0,nightmare,2017-10-31,2017,10
future,36,24,0,0.0,0.0,nightmare,2017-10-31,2017,10
young thug,6,4,0,0.0,0.0,nightmare,2017-10-31,2017,10
21 savage,381,247,2,0.005249343832020997,0.008097165991902834,nino brown,0,0,0
21 savage & metro boomin,612,360,3,0.004901960784313725,0.008333333333333333,no heart,2016-07-15,2016,7
shy glizzy,343,200,1,0.0029154518950437317,0.005,no i.d,2017-03-14,2017,3
21 savage,153,84,1,0.006535947712418301,0.011904761904761904,no i.d,2017-03-14,2017,3
youngboy never broke again,480,244,0,0.0,0.0,murder (remix),2016-11-04,2016,11
21 savage,121,76,0,0.0,0.0,murder (remix),2016-11-04,2016,11
21 savage & metro boomin,786,449,4,0.005089058524173028,0.008908685968819599,no advance,2016-07-15,2016,7
21 savage,513,313,5,0.009746588693957114,0.01597444089456869,no peace,2015-12-01,2015,12
21 savage,441,254,2,0.0045351473922902496,0.007874015748031496,no target,2016-09-08,2016,9
21 savage,546,348,4,0.007326007326007326,0.011494252873563218,nothin new,2017-07-07,2017,7
young thug,505,283,6,0.011881188118811881,0.02120141342756184,now,2018-04-13,2018,4
21 savage,142,97,0,0.0,0.0,now,2018-04-13,2018,4
21 savage & metro boomin,469,276,0,0.0,0.0,ocean drive,2016-07-15,2016,7
21 savage,376,246,5,0.013297872340425532,0.02032520325203252,oh ok,2016-03-22,2016,3
21 savage,439,264,0,0.0,0.0,one foot,2015-07-02,2015,7
21 savage,294,169,6,0.02040816326530612,0.03550295857988166,only smoke,0,0,0
youngboy never broke again,157,91,1,0.006369426751592357,0.01098901098901099,only smoke,0,0,0
21 savage,138,76,0,0.0,0.0,only smoke,0,0,0
godfather of harlem,547,331,4,0.007312614259597806,0.012084592145015106,on the inside,2019-11-29,2019,11
bullet,118,80,0,0.0,0.0,organized crime,0,0,0
21 savage,95,61,2,0.021052631578947368,0.03278688524590164,organized crime,0,0,0
21 savage,429,229,4,0.009324009324009324,0.017467248908296942,​out for the night,2018-12-21,2018,12
sahbabii,295,200,19,0.06440677966101695,0.095,outstanding,2018-04-20,2018,4
21 savage,110,68,3,0.02727272727272727,0.04411764705882353,outstanding,2018-04-20,2018,4
key!,628,374,3,0.004777070063694267,0.008021390374331552,out the bowl,2015-05-25,2015,5
21 savage,448,250,2,0.004464285714285714,0.008,out the bowl,2015-05-25,2015,5
key!,217,126,4,0.018433179723502304,0.031746031746031744,oven (bank account remix),0,0,0
21 savage,217,126,4,0.018433179723502304,0.031746031746031744,oven (bank account remix),0,0,0
lemonn,503,291,5,0.009940357852882704,0.01718213058419244,oven (bank account remix),0,0,0
21 savage,865,451,4,0.004624277456647399,0.008869179600886918,numb,2017-07-07,2017,7
21 savage,33,20,1,0.030303030303030304,0.05,off the head*,0,0,0
21 savage,649,414,3,0.004622496147919877,0.007246376811594203,​pad lock,2018-12-21,2018,12
21 savage,395,242,3,0.007594936708860759,0.012396694214876033,partments,2015-12-01,2015,12
21 savage,584,353,3,0.005136986301369863,0.0084985835694051,pass her,0,0,0
21 savage & metro boomin,588,385,7,0.011904761904761904,0.01818181818181818,pause,0,0,0
gucci mane,70,43,0,0.0,0.0,peepin,2015-07-23,2015,7
playboi carti,112,63,1,0.008928571428571428,0.015873015873015872,peepin,2015-07-23,2015,7
gucci mane,140,86,0,0.0,0.0,peepin,2015-07-23,2015,7
21 savage,119,70,0,0.0,0.0,peepin,2015-07-23,2015,7
21 savage,361,232,0,0.0,0.0,picky,2014-11-12,2014,11
21 savage,362,204,1,0.0027624309392265192,0.004901960784313725,pimp,2015-05-27,2015,5
pnb rock,460,249,1,0.002173913043478261,0.004016064257028112,play with me,0,0,0
21 savage,132,75,0,0.0,0.0,play with me,0,0,0
real recognize rio & 21 savage,29,24,0,0.0,0.0,pressure,2020-05-05,2020,5
real recognize rio,370,222,6,0.016216216216216217,0.02702702702702703,pressure,2020-05-05,2020,5
21 savage,150,92,0,0.0,0.0,pressure,2020-05-05,2020,5
casino,405,217,0,0.0,0.0,problems,2016-09-14,2016,9
21 savage,102,53,0,0.0,0.0,problems,2016-09-14,2016,9
big sean & metro boomin,21,13,0,0.0,0.0,pull up n wreck,2017-11-03,2017,11
big sean,578,335,2,0.0034602076124567475,0.005970149253731343,pull up n wreck,2017-11-03,2017,11
21 savage,163,101,3,0.018404907975460124,0.0297029702970297,pull up n wreck,2017-11-03,2017,11
21 savage,438,291,2,0.0045662100456621,0.006872852233676976,push up,2017-06-03,2017,6
big 36oz,127,76,2,0.015748031496062992,0.02631578947368421,push up,2017-06-03,2017,6
21 savage,3,2,0,0.0,0.0,pussy (11/3/19)*,0,0,0
21 savage,78,50,0,0.0,0.0,pussy (11/3/19)*,0,0,0
shawnymoney,346,211,1,0.002890173410404624,0.004739336492890996,quit copying,0,0,0
21 savage,555,347,0,0.0,0.0,racks in my pocket,2016-07-18,2016,7
21 savage,18,10,0,0.0,0.0,radar,2018-01-26,2018,1
21 savage,273,158,1,0.003663003663003663,0.006329113924050633,rapper hoes,2017-01-27,2017,1
[?,278,157,0,0.0,0.0,rapper hoes,2017-01-27,2017,1
44g,56,33,0,0.0,0.0,rapper hoes,2017-01-27,2017,1
quavo,525,335,2,0.0038095238095238095,0.005970149253731343,pass out,2018-10-11,2018,10
21 savage,163,106,2,0.012269938650306749,0.018867924528301886,pass out,2018-10-11,2018,10
sahbabii,444,261,0,0.0,0.0,pull up wit ah stick,2016-09-28,2016,9
loso loaded,179,102,0,0.0,0.0,pull up wit ah stick,2016-09-28,2016,9
sahbabii,87,48,0,0.0,0.0,reacher*,0,0,0
21 savage,461,300,3,0.006507592190889371,0.01,red opps,2015-07-02,2015,7
yung booke,145,83,2,0.013793103448275862,0.024096385542168676,"red rag, blue rag",2015-05-25,2015,5
21 savage,400,218,2,0.005,0.009174311926605505,"red rag, blue rag",2015-05-25,2015,5
freaky d$mg,160,89,0,0.0,0.0,"red rag, blue rag",2015-05-25,2015,5
young nudy,8,5,0,0.0,0.0,rider,0,0,0
21 savage,648,404,9,0.013888888888888888,0.022277227722772276,rider,0,0,0
21 savage,431,248,2,0.004640371229698376,0.008064516129032258,run up the racks,2017-10-31,2017,10
21 savage & metro boomin,7,5,0,0.0,0.0,run up the racks,2017-10-31,2017,10
24heavy,450,266,0,0.0,0.0,safe mode (remix),2018-06-04,2018,6
21 savage,138,92,0,0.0,0.0,safe mode (remix),2018-06-04,2018,6
yfn lucci,336,205,0,0.0,0.0,safe mode (remix),2018-06-04,2018,6
golde,416,193,0,0.0,0.0,same game,0,0,0
21 savage,102,56,0,0.0,0.0,same game,0,0,0
sosamann,522,235,4,0.007662835249042145,0.01702127659574468,sauce savage,2017-01-18,2017,1
21 savage,144,80,1,0.006944444444444444,0.0125,sauce savage,2017-01-18,2017,1
sancho saucy,106,63,3,0.02830188679245283,0.047619047619047616,sauce savage,2017-01-18,2017,1
21 savage,781,537,3,0.0038412291933418692,0.00558659217877095,scared now,0,0,0
21 savage,196,114,0,0.0,0.0,screenshots,2017-11-13,2017,11
claire and sydney,271,167,0,0.0,0.0,screenshots,2017-11-13,2017,11
offset,541,338,2,0.0036968576709796672,0.005917159763313609,rap saved me,2017-10-31,2017,10
21 savage,470,317,3,0.006382978723404255,0.00946372239747634,rap saved me,2017-10-31,2017,10
future,64,46,0,0.0,0.0,rap saved me,2017-10-31,2017,10
quavo,100,73,2,0.02,0.0273972602739726,rap saved me,2017-10-31,2017,10
21 savage & metro boomin,421,203,0,0.0,0.0,real nigga,2016-07-15,2016,7
lil yachty,489,285,0,0.0,0.0,respect my name,0,0,0
21 savage,135,80,2,0.014814814814814815,0.025,respect my name,0,0,0
offset & metro boomin,616,365,13,0.021103896103896104,0.03561643835616438,ric flair drip,2016-12-14,2016,12
blocboy jb,641,405,6,0.0093603744149766,0.014814814814814815,rover 2.0,2018-03-23,2018,3
lil juice,126,79,1,0.007936507936507936,0.012658227848101266,rover 2.0,2018-03-23,2018,3
21 savage,112,65,2,0.017857142857142856,0.03076923076923077,rover 2.0,2018-03-23,2018,3
21 savage & metro boomin,636,403,2,0.0031446540880503146,0.004962779156327543,savage mode,2016-07-15,2016,7
21 savage,272,149,0,0.0,0.0,secret,2020-04-17,2020,4
summer walker,292,152,0,0.0,0.0,secret,2020-04-17,2020,4
xscape,37,21,0,0.0,0.0,secret,2020-04-17,2020,4
21 savage,526,371,5,0.009505703422053232,0.013477088948787063,seeing double,2015-05-25,2015,5
21 savage,162,108,0,0.0,0.0,shooter2x,2016-11-23,2016,11
lil durk,409,242,0,0.0,0.0,shooter2x,2016-11-23,2016,11
21 savage,198,108,2,0.010101010101010102,0.018518518518518517,show me love (remix),2019-11-04,2019,11
alicia keys,427,236,0,0.0,0.0,show me love (remix),2019-11-04,2019,11
,337,184,0,0.0,0.0,show me love (remix),2019-11-04,2019,11
miguel,337,184,0,0.0,0.0,show me love (remix),2019-11-04,2019,11
young nudy,19,12,0,0.0,0.0,since when,2018-03-12,2018,3
young nudy,427,241,0,0.0,0.0,since when,2018-03-12,2018,3
21 savage,158,105,0,0.0,0.0,since when,2018-03-12,2018,3
21 savage,485,321,6,0.012371134020618556,0.018691588785046728,skrrt skrrt,2015-05-15,2015,5
21 savage,489,272,0,0.0,0.0,slaughter ya daughter,2015-05-25,2015,5
key!,55,29,1,0.01818181818181818,0.034482758620689655,slaughter ya daughter,2015-05-25,2015,5
ilovemakonnen,174,100,2,0.011494252873563218,0.02,slaughter ya daughter,2015-05-25,2015,5
fbg duck,551,312,0,0.0,0.0,slide (remix),2018-05-08,2018,5
21 savage,207,125,1,0.004830917874396135,0.008,slide (remix),2018-05-08,2018,5
young nudy,639,418,2,0.003129890453834116,0.004784688995215311,slime,2015-12-01,2015,12
21 savage,341,215,1,0.002932551319648094,0.004651162790697674,slime,2015-12-01,2015,12
barloe team,243,151,2,0.00823045267489712,0.013245033112582781,slugg,2018-06-07,2018,6
21 savage,101,66,0,0.0,0.0,slugg,2018-06-07,2018,6
barloe team,24,16,0,0.0,0.0,slugg,2018-06-07,2018,6
erykah badu,13,8,0,0.0,0.0,slugg,2018-06-07,2018,6
king laylow,282,175,3,0.010638297872340425,0.017142857142857144,smoka,2016-05-15,2016,5
21 savage,142,82,1,0.007042253521126761,0.012195121951219513,smoka,2016-05-15,2016,5
21 savage,407,214,22,0.05405405405405406,0.102803738317757,soda,2016-08-17,2016,8
21 savage,192,102,1,0.005208333333333333,0.00980392156862745,solid*,0,0,0
21 savage,102,54,0,0.0,0.0,sparta rap,2019-04-30,2019,4
zookerton 9,223,129,0,0.0,0.0,sparta rap,2019-04-30,2019,4
lil bibby,409,208,0,0.0,0.0,squad,2016-12-09,2016,12
21 savage,163,105,2,0.012269938650306749,0.01904761904761905,squad,2016-12-09,2016,12
21 savage,11,9,0,0.0,0.0,start dying,2015-05-20,2015,5
offset,275,166,2,0.007272727272727273,0.012048192771084338,start dying,2015-05-20,2015,5
21 savage,102,70,0,0.0,0.0,start dying,2015-05-20,2015,5
21 savage,311,194,0,0.0,0.0,start firing,0,0,0
vl deck,5,4,0,0.0,0.0,stash it,2018-02-16,2018,2
vl deck,328,205,1,0.003048780487804878,0.004878048780487805,stash it,2018-02-16,2018,2
21 savage,129,85,0,0.0,0.0,stash it,2018-02-16,2018,2
vl desk,136,75,0,0.0,0.0,stash it,2018-02-16,2018,2
chase kash,264,133,0,0.0,0.0,sticks,0,0,0
21 savage,168,75,0,0.0,0.0,sticks,0,0,0
21 savage,98,57,3,0.030612244897959183,0.05263157894736842,sticks,0,0,0
21 savage,538,286,1,0.0018587360594795538,0.0034965034965034965,special,2017-07-07,2017,7
21 savage,459,283,5,0.010893246187363835,0.0176678445229682,still serving,2017-10-31,2017,10
offset,219,136,3,0.0136986301369863,0.022058823529411766,still serving,2017-10-31,2017,10
21 savage,84,53,0,0.0,0.0,street nigg*,2018-02-08,2018,2
mtlord,328,185,0,0.0,0.0,street nigg*,2018-02-08,2018,2
"""never trust no dumb bitch.""",7,7,0,0.0,0.0,street nigg*,2018-02-08,2018,2
21 savage,302,175,2,0.006622516556291391,0.011428571428571429,supply,2015-07-02,2015,7
,69,42,0,0.0,0.0,supply,2015-07-02,2015,7
21 savage,349,209,5,0.014326647564469915,0.023923444976076555,switch up,0,0,0
21 savage,435,261,1,0.0022988505747126436,0.0038314176245210726,the dripped,0,0,0
21 savage,229,144,1,0.004366812227074236,0.006944444444444444,the race (remix),2017-12-14,2017,12
tay-k,457,293,5,0.010940919037199124,0.017064846416382253,the race (remix),2017-12-14,2017,12
,81,46,1,0.012345679012345678,0.021739130434782608,the race (remix),2017-12-14,2017,12
together,81,46,1,0.012345679012345678,0.021739130434782608,the race (remix),2017-12-14,2017,12
young nudy,194,110,0,0.0,0.0,the race (remix),2017-12-14,2017,12
flow,198,122,1,0.005050505050505051,0.00819672131147541,the trade,2019-10-22,2019,10
ca$h,203,122,3,0.014778325123152709,0.02459016393442623,the trade,2019-10-22,2019,10
jmx (youtuber),13,6,0,0.0,0.0,the truth (jessica rose diss track),2017-08-16,2017,8
jmx,162,93,0,0.0,0.0,the truth (jessica rose diss track),2017-08-16,2017,8
quadeca,276,149,1,0.0036231884057971015,0.006711409395973154,the truth (jessica rose diss track),2017-08-16,2017,8
momo,260,158,1,0.0038461538461538464,0.006329113924050633,the truth (jessica rose diss track),2017-08-16,2017,8
monstah,192,107,0,0.0,0.0,the truth (jessica rose diss track),2017-08-16,2017,8
21 savage,656,383,3,0.004573170731707317,0.007832898172323759,thug life,2017-07-07,2017,7
21 savage,62,35,1,0.016129032258064516,0.02857142857142857,tom ford*,0,0,0
rich the kid,44,24,0,0.0,0.0,trap house,2016-04-19,2016,4
rich the kid,290,189,2,0.006896551724137931,0.010582010582010581,trap house,2016-04-19,2016,4
21 savage,155,98,2,0.012903225806451613,0.02040816326530612,trap house,2016-04-19,2016,4
21 savage,217,132,0,0.0,0.0,trap money,0,0,0
jhene aiko,405,202,1,0.0024691358024691358,0.0049504950495049506,triggered (remix),2019-10-02,2019,10
21 savage,188,86,0,0.0,0.0,triggered (remix),2019-10-02,2019,10
summer walker,109,57,0,0.0,0.0,triggered (remix),2019-10-02,2019,10
21 savage,4,4,0,0.0,0.0,turn up on em,0,0,0
21 savage,427,217,2,0.00468384074941452,0.009216589861751152,turn up on em,0,0,0
young thug,263,160,3,0.011406844106463879,0.01875,turn up on em,0,0,0
21 savage,400,216,4,0.01,0.018518518518518517,twenty1,2015-07-02,2015,7
21 savage,18,10,0,0.0,0.0,twerk work,0,0,0
21 savage,50,35,0,0.0,0.0,u.k. shit (11/3/19)*,0,0,0
thefactory,350,222,3,0.008571428571428572,0.013513513513513514,unbothered (21 savage version),2019-01-11,2019,1
21 savage,928,528,2,0.0021551724137931034,0.003787878787878788,the code,2019-11-29,2019,11
the game,1094,611,1,0.0009140767824497258,0.0016366612111292963,the code,2019-11-29,2019,11
choir,188,161,0,0.0,0.0,this is america,2018-05-06,2018,5
young thug,484,318,0,0.0,0.0,this is america,2018-05-06,2018,5
childish gambino,518,350,0,0.0,0.0,this is america,2018-05-06,2018,5
blocboy jb,190,135,0,0.0,0.0,this is america,2018-05-06,2018,5
21 savage,190,135,0,0.0,0.0,this is america,2018-05-06,2018,5
quavo,151,101,0,0.0,0.0,this is america,2018-05-06,2018,5
slim jxmmi,55,32,0,0.0,0.0,this is america,2018-05-06,2018,5
,99,79,0,0.0,0.0,this is america,2018-05-06,2018,5
a boogie wit da hoodie,3,3,0,0.0,0.0,undefeated,2017-09-29,2017,9
a boogie wit da hoodie,308,196,2,0.006493506493506494,0.01020408163265306,undefeated,2017-09-29,2017,9
21 savage,145,83,1,0.006896551724137931,0.012048192771084338,undefeated,2017-09-29,2017,9
a boogie wit da hoodie,3,3,0,0.0,0.0,undefeated (türkçe çeviri),2017-09-29,2017,9
a boogie wit da hoodie,249,243,0,0.0,0.0,undefeated (türkçe çeviri),2017-09-29,2017,9
21 savage,86,84,0,0.0,0.0,undefeated (türkçe çeviri),2017-09-29,2017,9
a boogie wit da hoodie,3,2,0,0.0,0.0,untitled snippet (2/15/20)*,0,0,0
21 savage,96,54,0,0.0,0.0,untitled snippet (2/15/20)*,0,0,0
21 savage,179,95,5,0.027932960893854747,0.05263157894736842,untitled snippet (4/24/19)*,0,0,0
21 savage,387,238,19,0.04909560723514212,0.07983193277310924,vette,2015-12-01,2015,12
trouble,157,105,2,0.012738853503184714,0.01904761904761905,vette,2015-12-01,2015,12
21 savage,430,236,1,0.002325581395348837,0.00423728813559322,want it*,0,0,0
21 savage,204,108,0,0.0,0.0,way too rich,0,0,0
01,234,138,0,0.0,0.0,way too rich,0,0,0
02,226,149,0,0.0,0.0,way too rich,0,0,0
21 savage,151,106,0,0.0,0.0,what's up with that,2018-06-08,2018,6
future,452,252,0,0.0,0.0,what's up with that,2018-06-08,2018,6
lotto savage,132,90,0,0.0,0.0,whoa,2016-05-05,2016,5
lil harold,119,64,0,0.0,0.0,whoa,2016-05-05,2016,5
21 savage,101,66,5,0.04950495049504951,0.07575757575757576,whoa,2016-05-05,2016,5
young thug,1406,883,6,0.004267425320056899,0.006795016987542469,whole lot (demo),0,0,0
21 savage,1363,856,6,0.004402054292002935,0.007009345794392523,whole lot (demo),0,0,0
21 savage,527,339,4,0.007590132827324478,0.011799410029498525,who run it (freestyle),2018-04-09,2018,4
21 savage,331,195,1,0.0030211480362537764,0.005128205128205128,who ya gang,2016-09-14,2016,9
hardo,489,308,1,0.002044989775051125,0.003246753246753247,who ya gang,2016-09-14,2016,9
jimmy wopo,165,94,0,0.0,0.0,who ya gang,2016-09-14,2016,9
21 savage,18,10,0,0.0,0.0,wit it,2018-09-28,2018,9
hardo,18,10,0,0.0,0.0,wit it,2018-09-28,2018,9
21 savage,541,343,2,0.0036968576709796672,0.0058309037900874635,woah,2015-05-15,2015,5
21 savage,616,407,3,0.00487012987012987,0.007371007371007371,wow,2015-12-01,2015,12
lil west,384,188,2,0.005208333333333333,0.010638297872340425,wym,2016-07-07,2016,7
21 savage,55,35,0,0.0,0.0,wym,2016-07-07,2016,7
lil west,1,1,0,0.0,0.0,x (covered),2017-01-25,2017,1
young thug,902,550,4,0.004434589800443459,0.007272727272727273,whole lot,2017-07-07,2017,7
21 savage,857,523,4,0.004667444574095682,0.0076481835564053535,whole lot,2017-07-07,2017,7
21 savage,630,373,4,0.006349206349206349,0.010723860589812333,x,2016-07-15,2016,7
future,474,278,2,0.004219409282700422,0.007194244604316547,x,2016-07-15,2016,7
21 savage with future,80,51,0,0.0,0.0,x,2016-07-15,2016,7
21 savage,752,452,4,0.005319148936170213,0.008849557522123894,x (demo),2019-04-16,2019,4
young nudy,8,5,0,0.0,0.0,yea yea,0,0,0
21 savage,322,199,1,0.003105590062111801,0.005025125628140704,yea yea,0,0,0
21 savage,72,65,0,0.0,0.0,yea yea yea,2017-07-24,2017,7
mookie mardi gra,362,259,1,0.0027624309392265192,0.003861003861003861,yea yea yea,2017-07-24,2017,7
yo gotti,420,257,2,0.004761904761904762,0.007782101167315175,yellow tape,2017-10-27,2017,10
21 savage,256,173,2,0.0078125,0.011560693641618497,yellow tape,2017-10-27,2017,10
21 savage,183,97,1,0.00546448087431694,0.010309278350515464,xxl freshman freestyle: 21 savage,2016-06-30,2016,6
denzel curry,150,86,3,0.02,0.03488372093023256,xxl freshmen 2016 cypher - part 2,2016-07-06,2016,7
lil uzi vert,370,229,4,0.010810810810810811,0.017467248908296942,xxl freshmen 2016 cypher - part 2,2016-07-06,2016,7
kodak black,243,151,4,0.01646090534979424,0.026490066225165563,xxl freshmen 2016 cypher - part 2,2016-07-06,2016,7
lil yachty,344,194,4,0.011627906976744186,0.020618556701030927,xxl freshmen 2016 cypher - part 2,2016-07-06,2016,7
21 savage,208,125,1,0.004807692307692308,0.008,xxl freshmen 2016 cypher - part 2,2016-07-06,2016,7
jamie foxx,31,19,0,0.0,0.0,yessirskiii,2020-03-13,2020,3
21 savage,572,362,5,0.008741258741258742,0.013812154696132596,yessirskiii,2020-03-13,2020,3
lil uzi vert,181,113,3,0.016574585635359115,0.02654867256637168,yessirskiii,2020-03-13,2020,3
lil uzi vert,6,4,0,0.0,0.0,???,2014-06-04,2014,6
xxxtentacion,242,153,0,0.0,0.0,01 manikin,2016-03-18,2016,3
wifisfuneral,142,89,0,0.0,0.0,01 manikin,2016-03-18,2016,3
xxxtentacion,6,4,0,0.0,0.0,04/02/2020,0,0,0
phixel,724,421,3,0.004143646408839779,0.007125890736342043,04/02/2020,0,0,0
shepard smith,224,119,0,0.0,0.0,0c3an *clip*,2014-03-18,2014,3
xxxtentacion,224,119,0,0.0,0.0,0c3an *clip*,2014-03-18,2014,3
wwmagnum,70,32,1,0.014285714285714285,0.03125,14 year old melodic rapper,0,0,0
xxxtentacion,76,39,0,0.0,0.0,14 year old melodic rapper,0,0,0
xxxtentacion,3,2,0,0.0,0.0,17,2020-06-18,2020,6
kae $oul,122,66,0,0.0,0.0,17,2020-06-18,2020,6
kae $oul,6,4,0,0.0,0.0,1998 (acapella),2013-10-20,2013,10
xxxtentacion,9,5,0,0.0,0.0,20 bands,2019-03-12,2019,3
lil t $auceking & huff47,370,220,0,0.0,0.0,20 bands,2019-03-12,2019,3
lil t $auceking & huff47,2,2,0,0.0,0.0,3 am freestyle*,2014-04-19,2014,4
xxxtentacion,63,35,0,0.0,0.0,3 am freestyle*,2014-04-19,2014,4
xxxtentacion,57,25,0,0.0,0.0,3x,2017-02-10,2017,2
scarlxrd,400,247,4,0.01,0.016194331983805668,3x,2017-02-10,2017,2
scarlxrd,3,2,0,0.0,0.0,666,0,0,0
xxxtentacion,12,6,0,0.0,0.0,666,0,0,0
xxxtentacion,314,160,0,0.0,0.0,777,2017-06-26,2017,6
kid trunks,186,87,0,0.0,0.0,777,2017-06-26,2017,6
noah cyrus,275,107,0,0.0,0.0,again,2017-09-22,2017,9
xxxtentacion,196,77,0,0.0,0.0,again,2017-09-22,2017,9
noah cyrus,171,67,0,0.0,0.0,again (alan walker remix),2017-12-18,2017,12
noah cyrus,14,9,0,0.0,0.0,again (alan walker remix),2017-12-18,2017,12
xxxtentacion,98,37,0,0.0,0.0,again (alan walker remix),2017-12-18,2017,12
xxxtentacion,242,138,3,0.012396694214876033,0.021739130434782608,a ghetto christmas carol,2017-12-11,2017,12
xxxtentacion,892,399,0,0.0,0.0,"​a helping hand, not a song.",2016-05-25,2016,5
trippie redd,6,4,0,0.0,0.0,all for me,2019-11-22,2019,11
trippie redd,205,80,0,0.0,0.0,all for me,2019-11-22,2019,11
smokepurpp,234,96,1,0.004273504273504274,0.010416666666666666,all for me,2019-11-22,2019,11
xxxtentacion,165,89,0,0.0,0.0,all for me,2019-11-22,2019,11
matt ox,170,146,0,0.0,0.0,$$$,2017-12-28,2017,12
xxxtentacion,148,108,2,0.013513513513513514,0.018518518518518517,$$$,2017-12-28,2017,12
jrkellyrocks,203,117,0,0.0,0.0,​all-for-the-memes.mp3,2020-02-22,2020,2
xxxtentacion,200,125,0,0.0,0.0,​al.one,2014-03-05,2014,3
xxxtentacion,18,10,0,0.0,0.0,alone part 0,0,0,0
xxxtentacion,253,168,0,0.0,0.0,alone part 2,2014-12-01,2014,12
xxxtentacion,199,103,0,0.0,0.0,​alone (remastered),2014-12-01,2014,12
xxxtentacion,244,169,2,0.00819672131147541,0.011834319526627219,amy winehouse,2015-04-20,2015,4
,254,136,0,0.0,0.0,angel (completed version),2020-06-18,2020,6
shiloh dynasty,144,69,0,0.0,0.0,angel (completed version),2020-06-18,2020,6
xxxtentacion,326,161,0,0.0,0.0,angel (completed version),2020-06-18,2020,6
,3,2,0,0.0,0.0,angel (demo),0,0,0
shiloh dynasty,49,25,0,0.0,0.0,angel (demo),0,0,0
xxxtentacion,69,36,0,0.0,0.0,angel (demo),0,0,0
xxxtentacion,178,91,0,0.0,0.0,angels 2 demons,0,0,0
coolie pak,177,90,0,0.0,0.0,angels 2 demons,0,0,0
xxxtentacion,178,91,0,0.0,0.0,angels 2 demons,2020-01-01,2020,1
j-soul,225,114,0,0.0,0.0,angels 2 demons,2020-01-01,2020,1
j-soul,3,2,0,0.0,0.0,a nigga like you,0,0,0
au flexgod,2,2,0,0.0,0.0,a nigga like you,0,0,0
xxxtentacion,182,116,0,0.0,0.0,a nigga like you,0,0,0
rio santana,244,168,0,0.0,0.0,arms around you,2018-10-26,2018,10
xxxtentacion,40,27,0,0.0,0.0,arms around you,2018-10-26,2018,10
swae lee,119,66,1,0.008403361344537815,0.015151515151515152,arms around you (original remix),0,0,0
dexx,9,9,0,0.0,0.0,arms around you (original remix),0,0,0
mally mall,9,9,0,0.0,0.0,arms around you (original remix),0,0,0
rio santana,199,132,0,0.0,0.0,arms around you (original remix),0,0,0
xxxtentacion,78,52,0,0.0,0.0,arms around you (original remix),0,0,0
rio santana,18,10,0,0.0,0.0,arms around you (remix),0,0,0
xxxtentacion,137,59,0,0.0,0.0,"alone, part 3",2018-03-16,2018,3
xxxtentacion,117,50,0,0.0,0.0,​a message to tina belcher,2014-12-01,2014,12
xxxtentacion,72,38,0,0.0,0.0,angel*,0,0,0
shiloh dynasty,49,25,0,0.0,0.0,angel*,0,0,0
maluma,119,113,1,0.008403361344537815,0.008849557522123894,arms around you,2018-10-25,2018,10
swae lee,91,54,0,0.0,0.0,arms around you,2018-10-25,2018,10
lil pump,127,89,0,0.0,0.0,arms around you,2018-10-25,2018,10
mally mall,14,14,0,0.0,0.0,arms around you,2018-10-25,2018,10
xxxtentacion,160,108,0,0.0,0.0,arms around you,2018-10-25,2018,10
xxxtentacion & lil pump,4,2,0,0.0,0.0,arms around you,2018-10-25,2018,10
xxxtentacion,190,131,0,0.0,0.0,attention!,2019-12-06,2019,12
xxxtentacion,190,131,0,0.0,0.0,attention! (demo),0,0,0
xxxtentacion,71,40,0,0.0,0.0,ayala (original),2020-06-13,2020,6
jiggymane tha plug,40,20,0,0.0,0.0,backstroke,2015-04-17,2015,4
jiggymane tha plug,291,169,3,0.010309278350515464,0.01775147928994083,backstroke,2015-04-17,2015,4
xxxtentacion,144,84,0,0.0,0.0,backstroke,2015-04-17,2015,4
xxxtentacion,67,37,0,0.0,0.0,bad!,2019-02-14,2019,2
aidan vaughn,98,55,0,0.0,0.0,bad!,2019-02-14,2019,2
aidan vaughn,1,1,0,0.0,0.0,bad! (remix),0,0,0
deadslim,233,128,0,0.0,0.0,bad! (remix),0,0,0
smokepurpp,17,13,0,0.0,0.0,banded up,2018-02-16,2018,2
ronny j,531,313,0,0.0,0.0,banded up,2018-02-16,2018,2
ronny j and xxxtentacion,73,45,0,0.0,0.0,banded up,2018-02-16,2018,2
xxxtentacion,97,65,0,0.0,0.0,banded up,2018-02-16,2018,2
ronny j,18,10,0,0.0,0.0,bands (xxxtentacion remix),0,0,0
ronny j,18,10,0,0.0,0.0,bare flesh (remix),2016-01-05,2016,1
xxxtentacion,116,50,0,0.0,0.0,​before i close my eyes,2018-03-16,2018,3
xxxtentacion,119,53,0,0.0,0.0,before i close my eyes #llj,2018-03-16,2018,3
ski mask the slump god,136,78,4,0.029411764705882353,0.05128205128205128,assassin's vreed (austin powers),0,0,0
xxxtentacion,319,214,17,0.05329153605015674,0.0794392523364486,$a​uce! (2018),2018-02-04,2018,2
xxxtentacion,45,25,0,0.0,0.0,ayala (outro),2017-08-25,2017,8
r3hab,238,128,0,0.0,0.0,bad!,2019-01-18,2019,1
xxxtentacion,166,93,0,0.0,0.0,bad!,2018-11-09,2018,11
xxxtentacion,159,153,0,0.0,0.0,bad!,0,0,0
pnb rock,196,135,0,0.0,0.0,bad!,0,0,0
lofty305,24,18,0,0.0,0.0,bad!,0,0,0
nav,130,81,1,0.007692307692307693,0.012345679012345678,bad!,0,0,0
,39,39,0,0.0,0.0,bad!,0,0,0
xxxtentacion,170,86,0,0.0,0.0,​bad vibes forever,2019-11-22,2019,11
trippie redd,60,36,0,0.0,0.0,​bad vibes forever,2019-11-22,2019,11
pnb rock,149,78,2,0.013422818791946308,0.02564102564102564,​bad vibes forever,2019-11-22,2019,11
xxxtentacion,163,94,0,0.0,0.0,bet hip hop awards 2017 freestyle,2017-10-06,2017,10
,333,169,2,0.006006006006006006,0.011834319526627219,bet hip hop awards 2017 freestyle,2017-10-06,2017,10
yfn lucci,65,33,0,0.0,0.0,bet hip hop awards 2017 freestyle,2017-10-06,2017,10
bet,21,10,0,0.0,0.0,bet hip hop awards 2017 freestyle,2017-10-06,2017,10
waka flocka flame,185,107,1,0.005405405405405406,0.009345794392523364,bet hip hop awards 2017 freestyle,2017-10-06,2017,10
xxxtentacion,203,148,6,0.029556650246305417,0.04054054054054054,bitchcallmecaptainmorgan,2015-10-31,2015,10
xxxtentacion,260,188,0,0.0,0.0,​blasted,0,0,0
ski mask the slump god,210,142,1,0.004761904761904762,0.007042253521126761,blood stains,2014-03-13,2014,3
lil reddot as drugz,423,264,1,0.002364066193853428,0.003787878787878788,blood stains,2014-03-13,2014,3
xxxtentacion,267,180,0,0.0,0.0,blood stains,2014-03-13,2014,3
xxxtentacion,319,186,0,0.0,0.0,bluddy katon freestyle,2014-06-24,2014,6
xxxtentacion,36,25,2,0.05555555555555555,0.08,bluddy katon (og),2014-06-25,2014,6
lxrd hippy,170,90,0,0.0,0.0,bodies,2016-07-07,2016,7
cracka paul,219,130,0,0.0,0.0,bodies,2016-07-07,2016,7
xxxtentacion,82,61,0,0.0,0.0,bodies,2016-07-07,2016,7
yung grabba,163,122,1,0.006134969325153374,0.00819672131147541,boofpack,2014-12-06,2014,12
yung gook,73,42,0,0.0,0.0,boofpack,2014-12-06,2014,12
xxxtentacion,298,212,13,0.0436241610738255,0.06132075471698113,boost!,2017-06-30,2017,6
xxxtentacion,298,212,14,0.04697986577181208,0.0660377358490566,boost! (og),2017-06-26,2017,6
xxxtentacion,299,188,3,0.010033444816053512,0.015957446808510637,bowser,2017-04-18,2017,4
ski mask the slump god,382,249,7,0.01832460732984293,0.028112449799196786,bowser,2017-04-18,2017,4
,81,53,1,0.012345679012345678,0.018867924528301886,bowser,2017-04-18,2017,4
ski mask the slump god,17,17,0,0.0,0.0,broken,2019-08-01,2019,8
noureddine mimoun,137,107,0,0.0,0.0,broken,2019-08-01,2019,8
ski mask the slump god,123,78,4,0.032520325203252036,0.05128205128205128,broly (intro),2015-06-27,2015,6
xxxtentacion,130,87,0,0.0,0.0,broly (intro),2015-06-27,2015,6
xxxtentacion,178,110,2,0.011235955056179775,0.01818181818181818,brotein ballin,2017-06-09,2017,6
xxxtentacion,18,10,0,0.0,0.0,burnt*,0,0,0
xxxtentacion,119,79,0,0.0,0.0,​before i realize,2019-12-06,2019,12
xxxtentacion,18,10,0,0.0,0.0,broward coward,0,0,0
xxxtentacion,18,10,0,0.0,0.0,burr like gucci,0,0,0
tank head,375,238,0,0.0,0.0,butthole girl!,2017-06-26,2017,6
xxxtentacion,522,331,1,0.0019157088122605363,0.0030211480362537764,butthole girl!,2017-06-26,2017,6
robb bank$,198,111,0,0.0,0.0,butthole girl!,2017-06-26,2017,6
craig xen,48,33,0,0.0,0.0,butthole girl!,2017-06-26,2017,6
xxxtentacion,152,115,1,0.006578947368421052,0.008695652173913044,buy garrette’s clothing or i’ll fucking kill you (deathwish),2016-12-15,2016,12
killstation,91,77,1,0.01098901098901099,0.012987012987012988,buy garrette’s clothing or i’ll fucking kill you (deathwish),2016-12-15,2016,12
robb banks,20,15,1,0.05,0.06666666666666667,buy garrette’s clothing or i’ll fucking kill you (deathwish),2016-12-15,2016,12
craig xen,61,40,0,0.0,0.0,buy garrette’s clothing or i’ll fucking kill you (deathwish),2016-12-15,2016,12
craig xen,22,11,0,0.0,0.0,bxtch,2012-10-19,2012,10
xxxtentacion,54,34,1,0.018518518518518517,0.029411764705882353,bxtch,2012-10-19,2012,10
kid trunks,149,84,0,0.0,0.0,came2kill,2017-06-26,2017,6
xxxtentacion,92,68,0,0.0,0.0,came2kill,2017-06-26,2017,6
kid trunks,3,2,0,0.0,0.0,came2kill,2017-06-26,2017,6
craig xen,64,45,1,0.015625,0.022222222222222223,came2kill,2017-06-26,2017,6
xxxtentacion,176,107,0,0.0,0.0,​captain save a hoe,2014-07-27,2014,7
reddz,92,51,0,0.0,0.0,​captain save a hoe,2014-07-27,2014,7
xxxtentacion,123,85,1,0.008130081300813009,0.011764705882352941,carbonated water,2019-10-31,2019,10
ski mask the slump god,555,361,16,0.02882882882882883,0.0443213296398892,carbonated water,2019-10-31,2019,10
ski mask the slump god,76,43,5,0.06578947368421052,0.11627906976744186,carbonated water,2019-10-31,2019,10
xxxtentacion,444,243,3,0.006756756756756757,0.012345679012345678,​catch,2014-06-08,2014,6
icx,106,67,0,0.0,0.0,catch,2019-06-18,2019,6
icx,18,10,0,0.0,0.0,catching jhit,0,0,0
ski mask the slump god,420,277,1,0.002380952380952381,0.0036101083032490976,catch me,2014-03-31,2014,3
ski mask the slump god,3,2,0,0.0,0.0,caution,2015-09-12,2015,9
xxxtentacion,101,56,0,0.0,0.0,caution,2015-09-12,2015,9
xxxtentacion,52,30,0,0.0,0.0,caution (remix),0,0,0
broc $teezy,33,17,0,0.0,0.0,caution (remix),0,0,0
broc $teezy,6,4,0,0.0,0.0,cha cha,0,0,0
,186,96,0,0.0,0.0,changes,2018-07-04,2018,7
lo nightly,186,96,0,0.0,0.0,changes,2018-03-19,2018,3
heya tamar,179,92,0,0.0,0.0,changes (cover),2018-06-19,2018,6
shiloh dynasty,46,20,0,0.0,0.0,carry on,2017-08-25,2017,8
xxxtentacion,148,81,0,0.0,0.0,carry on,2017-08-25,2017,8
xxxtentacion,142,76,0,0.0,0.0,​changes,2018-03-01,2018,3
pnb rock,102,51,0,0.0,0.0,​changes,2018-03-01,2018,3
xxxtentacion,207,122,0,0.0,0.0,chapter 1,2015-05-10,2015,5
xxxtentacion,64,42,0,0.0,0.0,chapter 1,2020-06-21,2020,6
"xxxtentacion, alexander graves-hawkins",146,83,0,0.0,0.0,chapter 1,2020-06-21,2020,6
xxxtentacion,204,119,0,0.0,0.0,chapter 1 (outro),2015-05-24,2015,5
xxxtentacion,6,4,0,0.0,0.0,chapter 6,0,0,0
xxxtentacion,18,10,0,0.0,0.0,chapter 7,0,0,0
xxxtentacion,18,10,0,0.0,0.0,charlie's angels,0,0,0
xxxtentacion,175,88,0,0.0,0.0,chase / glass shards,2019-12-06,2019,12
ikabodveins,163,90,0,0.0,0.0,chase / glass shards,2019-12-06,2019,12
xxxtentacion,175,90,0,0.0,0.0,chase / glass shards (demo),0,0,0
ikabodveins,163,90,0,0.0,0.0,chase / glass shards (demo),0,0,0
jd street,208,122,0,0.0,0.0,😕 chemicals,2019-03-08,2019,3
coolie cut,161,101,0,0.0,0.0,chokehold,2017-06-27,2017,6
xxxtentacion,153,95,0,0.0,0.0,chokehold,2017-06-27,2017,6
kin$oul,6,5,0,0.0,0.0,chokehold,2017-06-27,2017,6
kin$oul,148,140,0,0.0,0.0,ciao (freestyle),2017-10-10,2017,10
kin$oul,3,2,0,0.0,0.0,clarity,2015-01-27,2015,1
the demon,26,11,0,0.0,0.0,clarity,2015-01-27,2015,1
damien karras,26,11,0,0.0,0.0,clarity,2015-01-27,2015,1
gucci mane,58,27,6,0.10344827586206896,0.2222222222222222,clarity,2015-01-27,2015,1
wilbert cooper,58,27,6,0.10344827586206896,0.2222222222222222,clarity,2015-01-27,2015,1
xxxtentacion,241,92,0,0.0,0.0,clarity,2015-01-27,2015,1
xxxtentacion,28,14,0,0.0,0.0,cry baby,0,0,0
xxxtentacion,7,7,0,0.0,0.0,​cum,2014-03-28,2014,3
spookyleann,90,53,0,0.0,0.0,​cum,2014-03-28,2014,3
xxxtentacion,243,163,0,0.0,0.0,curse,2017-06-26,2017,6
bass santana,194,126,0,0.0,0.0,curse,2017-06-26,2017,6
coolie cut,68,42,0,0.0,0.0,curse,2017-06-26,2017,6
kin$oul,66,38,2,0.030303030303030304,0.05263157894736842,curse,2017-06-26,2017,6
bass santana,2,2,0,0.0,0.0,chapter 2,2015-05-10,2015,5
bass santana,18,10,0,0.0,0.0,company,0,0,0
bass santana,241,118,1,0.004149377593360996,0.00847457627118644,corey's intro,2019-01-23,2019,1
xxxtentacion,41,40,0,0.0,0.0,"crucify thy infant, son of whore",2017-05-17,2017,5
craig xen,27,26,0,0.0,0.0,"crucify thy infant, son of whore",2017-05-17,2017,5
garette revenge,26,25,0,0.0,0.0,"crucify thy infant, son of whore",2017-05-17,2017,5
fuckboy tay,20,12,0,0.0,0.0,crush,2015-05-26,2015,5
tay,350,191,1,0.002857142857142857,0.005235602094240838,crush,2015-05-26,2015,5
xxxtentacion,162,98,0,0.0,0.0,crush,2015-05-26,2015,5
xxxtentacion,160,81,0,0.0,0.0,daemons,2019-12-06,2019,12
joey bada$$,166,86,0,0.0,0.0,daemons,2019-12-06,2019,12
kemba,247,134,3,0.012145748987854251,0.022388059701492536,daemons,2019-12-06,2019,12
sybir,44,19,0,0.0,0.0,𝒟 𝒶 𝓇 𝓀 (dark),2019-08-07,2019,8
xxxtentacion,48,26,0,0.0,0.0,𝒟 𝒶 𝓇 𝓀 (dark),2019-08-07,2019,8
sybir/chxmpa,3,1,0,0.0,0.0,𝒟 𝒶 𝓇 𝓀 (dark),2019-08-07,2019,8
xxxtentacion,157,98,2,0.012738853503184714,0.02040816326530612,dead,2014-03-06,2014,3
xxxtentacion,108,42,0,0.0,0.0,"dead inside, part 2*",0,0,0
xxxtentacion,18,10,0,0.0,0.0,death note*,0,0,0
robb bank$,527,323,4,0.007590132827324478,0.01238390092879257,defined,2016-09-26,2016,9
xxxtentacion,41,24,0,0.0,0.0,defined,2016-09-26,2016,9
robb banks,41,24,0,0.0,0.0,defined,2016-09-26,2016,9
des,43,24,1,0.023255813953488372,0.041666666666666664,des pt 2.5 (feat.xxxtentacion),2020-06-10,2020,6
xxxtentacion,30,21,0,0.0,0.0,des pt 2.5 (feat.xxxtentacion),2020-06-10,2020,6
lil dessi,65,42,0,0.0,0.0,des pt 2.5 (feat.xxxtentacion),2020-06-10,2020,6
sndngchllz,95,59,0,0.0,0.0,devils (remix),2018-08-01,2018,8
sndngchllz,63,45,0,0.0,0.0,difference (interlude) [cover],2019-06-18,2019,6
xxxtentacion,18,10,0,0.0,0.0,d.n.r. (do not resuscitate),0,0,0
wifisfuneral,291,171,0,0.0,0.0,dont test me (remix),2016-02-01,2016,2
xxxtentacion,420,239,1,0.002380952380952381,0.0041841004184100415,dont test me (remix),2016-02-01,2016,2
xxxtentacion,105,49,0,0.0,0.0,dead inside (interlude),2017-08-25,2017,8
xxxtentacion,18,10,0,0.0,0.0,demonic,0,0,0
xxxtentacion,205,171,0,0.0,0.0,depression & obsession,2017-08-25,2017,8
xxxtentacion,18,10,0,0.0,0.0,depression & obsession (original),0,0,0
xxxtentacion,18,10,0,0.0,0.0,didn't think i'd live this long,0,0,0
xxxtentacion,68,49,0,0.0,0.0,​​difference (interlude),2018-12-07,2018,12
xxxtentacion,18,10,0,0.0,0.0,dirty (finger) nails,0,0,0
dax,369,236,0,0.0,0.0,don't wanna die today,2018-06-20,2018,6
xxxtentacion,254,164,1,0.003937007874015748,0.006097560975609756,​dragon heart,2015-12-28,2015,12
xxxtentacion,18,10,0,0.0,0.0,dvwrvth,0,0,0
xxxtentacion,287,168,2,0.006968641114982578,0.011904761904761904,eat it up,2019-12-06,2019,12
kayiiow,302,168,2,0.006622516556291391,0.011904761904761904,eat it up (remix),2019-12-06,2019,12
noah cyrus,426,212,0,0.0,0.0,ecstasy,2019-12-06,2019,12
xxxtentacion,264,137,0,0.0,0.0,ecstasy,2019-12-06,2019,12
,37,15,0,0.0,0.0,ecstasy,2019-12-06,2019,12
,50,22,0,0.0,0.0,​​ecstasy (2014),2014-04-30,2014,4
xxxtentacion,353,175,0,0.0,0.0,​​ecstasy (2014),2014-04-30,2014,4
anneka,430,219,0,0.0,0.0,​​ecstasy (2014),2014-04-30,2014,4
anneka,2,2,0,0.0,0.0,​elegant,2014-06-06,2014,6
xxxtentacion,25,19,0,0.0,0.0,​elegant,2014-06-06,2014,6
last-dude,107,54,0,0.0,0.0,elephant in the room,2020-06-06,2020,6
ronny j,4,3,0,0.0,0.0,emoji,2016-02-26,2016,2
ronny j,467,234,0,0.0,0.0,emoji,2016-02-26,2016,2
xxxtentacion,313,162,0,0.0,0.0,emoji,2016-02-26,2016,2
ronny j,3,2,0,0.0,0.0,esophagus*,2015-08-07,2015,8
xxxtentacion,40,22,0,0.0,0.0,esophagus*,2015-08-07,2015,8
xxxtentacion,11,10,0,0.0,0.0,everybody dies in their nightmares spanish remix,0,0,0
rad gussy,183,173,0,0.0,0.0,everybody dies in their nightmares spanish remix,0,0,0
rad gussy,18,10,0,0.0,0.0,expect glory,0,0,0
rad gussy,2,2,0,0.0,0.0,eyes,2015-02-03,2015,2
xxxtentacion,17,7,0,0.0,0.0,eyes,2015-02-03,2015,2
xxxtentacion,308,193,1,0.003246753246753247,0.0051813471502590676,dutty (freestyle),2014-03-07,2014,3
shiloh dynasty,68,35,0,0.0,0.0,everybody dies in their nightmares,2017-08-25,2017,8
xxxtentacion,277,193,0,0.0,0.0,everybody dies in their nightmares,2017-08-25,2017,8
xxxtentacion,226,136,0,0.0,0.0,ex bitch,2019-12-06,2019,12
rxwtune,136,68,0,0.0,0.0,eyes of sin,2019-08-20,2019,8
xxxtentacion,46,23,0,0.0,0.0,eyes of sin,2019-08-20,2019,8
xxxtentacion,54,28,0,0.0,0.0,failure is not an option (interlude),2016-02-17,2016,2
xxxtentacion,18,10,0,0.0,0.0,failure is not an option (original version),0,0,0
xxxtentacion,6,4,0,0.0,0.0,[fake] wrinse,0,0,0
xxxtentacion,97,42,0,0.0,0.0,falling down,2019-08-30,2019,8
heya tamar,182,91,0,0.0,0.0,falling down (cover),2018-11-03,2018,11
lil peep,152,72,0,0.0,0.0,falling down (remix),0,0,0
xxxtentacion,76,36,0,0.0,0.0,falling down (remix),0,0,0
ski mask the slump god,187,123,3,0.016042780748663103,0.024390243902439025,fatality!,2016-02-16,2016,2
xxxtentacion,166,95,0,0.0,0.0,fatality!,2016-02-16,2016,2
xxxtentacion,269,171,0,0.0,0.0,feel like a demon boy,0,0,0
xxxtentacion,110,28,0,0.0,0.0,find me (intro),2017-06-26,2017,6
xxxtentacion,195,123,1,0.005128205128205128,0.008130081300813009,flock,0,0,0
xxxtentacion,219,130,0,0.0,0.0,floor 555,2018-03-16,2018,3
xxxtentacion,79,79,0,0.0,0.0,folk!/shuteye,0,0,0
5h0ckw4v3 with xxxtentacion,17,11,0,0.0,0.0,folk!/shuteye,0,0,0
xxxtentacion,17,16,0,0.0,0.0,folk!/shuteye*,0,0,0
vybz kartel,171,112,0,0.0,0.0,forever,0,0,0
xxxtentacion,103,62,0,0.0,0.0,forever,0,0,0
xxxtentacion,166,121,0,0.0,0.0,fortnite,0,0,0
tory lanez,346,219,1,0.002890173410404624,0.0045662100456621,fortnite,0,0,0
xxxtentacion,18,10,0,0.0,0.0,fake friends,0,0,0
tory lanez,18,10,0,0.0,0.0,fake friends,0,0,0
,45,21,0,0.0,0.0,falling down,2018-09-19,2018,9
xxxtentacion,304,173,0,0.0,0.0,falling down,2018-09-19,2018,9
lil peep,188,104,0,0.0,0.0,falling down,2018-09-19,2018,9
,45,21,0,0.0,0.0,falling down (travis barker remix),2019-07-11,2019,7
xxxtentacion,327,196,0,0.0,0.0,falling down (travis barker remix),2019-07-11,2019,7
lil peep,188,104,0,0.0,0.0,falling down (travis barker remix),2019-07-11,2019,7
xxxtentacion,299,185,4,0.013377926421404682,0.021621621621621623,freddy vs jason,2015-02-24,2015,2
ski mask the slump god,281,167,4,0.014234875444839857,0.023952095808383235,freddy vs jason,2015-02-24,2015,2
xxxtentacion,257,155,0,0.0,0.0,fuckabitchface,2014-11-06,2014,11
xxxtentacion,6,4,0,0.0,0.0,fucksmokepurrp,0,0,0
xxxtentacion,238,152,0,0.0,0.0,fuck v2,2014-03-08,2014,3
$ki mask the slump god,152,97,1,0.006578947368421052,0.010309278350515464,fuck v2,2014-03-08,2014,3
xxxtentacion,332,216,0,0.0,0.0,fuxk,2015-04-20,2015,4
ski mask the slump god,230,150,0,0.0,0.0,fuxk,2015-04-20,2015,4
xxxtentacion,226,139,0,0.0,0.0,gang cypher *freestyle*,2014-02-26,2014,2
ski mask the slump god,208,130,1,0.004807692307692308,0.007692307692307693,gang cypher *freestyle*,2014-02-26,2014,2
e-boogie,212,116,0,0.0,0.0,gang cypher *freestyle*,2014-02-26,2014,2
new age,154,88,0,0.0,0.0,gang cypher *freestyle*,2014-02-26,2014,2
nora spouse,144,90,0,0.0,0.0,gang cypher *freestyle*,2014-02-26,2014,2
nora spouse,3,2,0,0.0,0.0,getoffmydick,0,0,0
ugly god,211,120,0,0.0,0.0,getoffmydick,0,0,0
ski mask the slump god,50,34,4,0.08,0.11764705882352941,getoffmydick,0,0,0
ugly god,58,36,2,0.034482758620689655,0.05555555555555555,getoffmydick,0,0,0
xxxtentacion,306,176,0,0.0,0.0,​ghost,2014-11-21,2014,11
emma louise,62,36,0,0.0,0.0,​ghost,2014-11-21,2014,11
bones,244,140,0,0.0,0.0,​ghost,2014-11-21,2014,11
xxxtentacion,196,129,0,0.0,0.0,​ghosts,2014-08-16,2014,8
nyora spouse,112,65,2,0.017857142857142856,0.03076923076923077,​ghosts,2014-08-16,2014,8
xxxtentacion,16,8,0,0.0,0.0,​glass house [snippet],2015-02-03,2015,2
xxxtentacion,6,4,0,0.0,0.0,glimpse,0,0,0
trippie redd,130,90,0,0.0,0.0,fuck love,2017-08-24,2017,8
xxxtentacion,36,23,0,0.0,0.0,fuck love,2017-08-24,2017,8
xxxtentacion,146,109,0,0.0,0.0,fukemweball,2015-12-31,2015,12
santz,349,231,1,0.0028653295128939827,0.004329004329004329,fukemweball,2015-12-31,2015,12
santz,18,10,0,0.0,0.0,fuxx,0,0,0
xxxtentacion,153,92,0,0.0,0.0,gassed up!,2019-01-23,2019,1
flyboy tarantino,97,63,2,0.020618556701030927,0.031746031746031744,gassed up!,2019-01-23,2019,1
kid trunks,227,140,4,0.01762114537444934,0.02857142857142857,gassed up!,2019-01-23,2019,1
kin$oul,81,52,2,0.024691358024691357,0.038461538461538464,gassed up!,2019-01-23,2019,1
bass santana,154,98,1,0.006493506493506494,0.01020408163265306,gassed up!,2019-01-23,2019,1
xxxtentacion,297,154,0,0.0,0.0,gekyume freestyle,0,0,0
nicole zymek,81,40,1,0.012345679012345678,0.025,ghost busters,2018-06-21,2018,6
trippie redd,254,222,0,0.0,0.0,ghost busters,2018-06-21,2018,6
quavo,195,141,5,0.02564102564102564,0.03546099290780142,ghost busters,2018-06-21,2018,6
ski mask the slump god,289,212,2,0.006920415224913495,0.009433962264150943,ghost busters,2018-06-21,2018,6
xxxtentacion,98,65,0,0.0,0.0,ghost busters,2018-06-21,2018,6
trippie redd,2,2,0,0.0,0.0,​glass house,2015-02-03,2015,2
xxxtentacion,20,10,1,0.05,0.1,​glass house,2015-02-03,2015,2
xxxtentacion,133,82,0,0.0,0.0,gnarly bastard,2015-12-16,2015,12
xxxtentacion,206,135,5,0.024271844660194174,0.037037037037037035,gnarlyguyanthem! (demo),0,0,0
ski mask the slump god,160,96,4,0.025,0.041666666666666664,gnarlyguyanthem! (demo),0,0,0
with ski mask the slump god,47,32,4,0.0851063829787234,0.125,gnarlyguyanthem! (demo),0,0,0
xxxtentacion,202,132,5,0.024752475247524754,0.03787878787878788,gnarlyguyanthem! (hell version),2015-12-16,2015,12
ski mask the slump god,160,96,4,0.025,0.041666666666666664,gnarlyguyanthem! (hell version),2015-12-16,2015,12
with ski mask the slump god,47,32,4,0.0851063829787234,0.125,gnarlyguyanthem! (hell version),2015-12-16,2015,12
xxxtentacion,47,41,0,0.0,0.0,go ahead*,2018-10-30,2018,10
xxxtentacion,256,159,1,0.00390625,0.006289308176100629,​going down!,2018-03-16,2018,3
xxxtentacion,72,54,0,0.0,0.0,goodbye.,2018-09-04,2018,9
roderick porter,167,86,0,0.0,0.0,goodbye.,2018-09-04,2018,9
xxxtentacion,273,195,1,0.003663003663003663,0.005128205128205128,gxd damn,2015-04-20,2015,4
ski mask the slump god,228,168,1,0.0043859649122807015,0.005952380952380952,gxd damn,2015-04-20,2015,4
xxxtentacion,487,342,13,0.026694045174537988,0.038011695906432746,h2o,2017-06-26,2017,6
ski mask the slump god,487,342,13,0.026694045174537988,0.038011695906432746,h2o,2017-06-26,2017,6
lil bair,188,98,0,0.0,0.0,happy bday,2019-05-23,2019,5
xxxtentacion,120,84,1,0.008333333333333333,0.011904761904761904,happy halloween (fuck the population),2016-10-09,2016,10
xxxtentacion,18,10,0,0.0,0.0,hard,0,0,0
donald trump,274,129,0,0.0,0.0,​hate will never win,2017-12-11,2017,12
xxxtentacion,231,118,0,0.0,0.0,​hate will never win,2017-12-11,2017,12
b w dawg,86,48,0,0.0,0.0,hearteater,2018-07-01,2018,7
jack rootes,471,230,1,0.0021231422505307855,0.004347826086956522,heavencannotsavemenow,0,0,0
xxxtentacion,417,324,2,0.004796163069544364,0.006172839506172839,gospel,2017-05-11,2017,5
ronny j,20,18,0,0.0,0.0,gospel,2017-05-11,2017,5
keith ape,312,251,2,0.00641025641025641,0.00796812749003984,gospel,2017-05-11,2017,5
rich brian,160,82,2,0.0125,0.024390243902439025,gospel,2017-05-11,2017,5
shiloh dynasty,29,22,0,0.0,0.0,guardian angel,2018-12-07,2018,12
xxxtentacion,270,141,0,0.0,0.0,guardian angel,2018-12-07,2018,12
xxxtentacion,108,67,0,0.0,0.0,​hearteater,2019-10-22,2019,10
xxxtentacion,18,10,0,0.0,0.0,hell is to close,0,0,0
xxxtentacion,276,189,0,0.0,0.0,hey mister (x version),2019-01-22,2019,1
ski mask the slump god,494,332,0,0.0,0.0,hey mister (x version),2019-01-22,2019,1
yung bans,13,10,0,0.0,0.0,hey mister (x version),2019-01-22,2019,1
yung bans,18,10,0,0.0,0.0,heyyyy!,0,0,0
xxxtentacion,72,42,2,0.027777777777777776,0.047619047619047616,hit it,0,0,0
xxxtentacion,242,133,6,0.024793388429752067,0.045112781954887216,hit it from the back (original),0,0,0
xxxtentacion,256,141,5,0.01953125,0.03546099290780142,hit it from the back! (remix),0,0,0
tyga,186,101,2,0.010752688172043012,0.019801980198019802,hit it from the back! (remix),0,0,0
xxxtentacion,109,66,0,0.0,0.0,hit the dirt,2016-01-13,2016,1
yoshi thompkins,170,107,2,0.011764705882352941,0.018691588785046728,hit the dirt,2016-01-13,2016,1
xxxxtentacion,88,48,0,0.0,0.0,hit the dirt,2016-01-13,2016,1
xxxxtentacion,2,2,0,0.0,0.0,​hoe,2014-05-02,2014,5
xxxtentacion,9,6,0,0.0,0.0,​hoe,2014-05-02,2014,5
ray-n (rapper),198,114,2,0.010101010101010102,0.017543859649122806,hope,2018-10-02,2018,10
xxxtentacion,279,150,2,0.007168458781362007,0.013333333333333334,hope (freestyle),2018-08-19,2018,8
john cunningham,37,20,0,0.0,0.0,hope (freestyle),2018-08-19,2018,8
xxxtentacion,98,56,0,0.0,0.0,hot gyal,2019-12-06,2019,12
mavado,124,85,2,0.016129032258064516,0.023529411764705882,hot gyal,2019-12-06,2019,12
tory lanez,146,89,0,0.0,0.0,hot gyal,2019-12-06,2019,12
xxxtentacion,6,4,0,0.0,0.0,hot gyal (demo),0,0,0
xxxtentacion,293,217,2,0.006825938566552901,0.009216589861751152,i am!,2015-06-29,2015,6
sza,201,113,4,0.01990049751243781,0.035398230088495575,ice hotel (intro),2014-04-07,2014,4
xxxtentacion,150,109,18,0.12,0.1651376146788991,ice hotel (intro),2014-04-07,2014,4
xxxtentacion,250,170,0,0.0,0.0,hi wendy!,2019-01-23,2019,1
bass santana,119,73,0,0.0,0.0,hi wendy!,2019-01-23,2019,1
kin$oul,84,58,1,0.011904761904761904,0.017241379310344827,hi wendy!,2019-01-23,2019,1
kid trunks,191,114,1,0.005235602094240838,0.008771929824561403,hi wendy!,2019-01-23,2019,1
flyboy tarantino,108,68,1,0.009259259259259259,0.014705882352941176,hi wendy!,2019-01-23,2019,1
xxxtentacion,224,130,2,0.008928571428571428,0.015384615384615385,hope,2018-02-21,2018,2
xxxtentacion,18,10,0,0.0,0.0,i cant write luv songs,0,0,0
